Order ID,Order Date,Customer Id,Customer Name,Region,Product Id,Product,Category,Quantity,Unit Price (Ghs),Salesperson,Total Revenue (GHS)
O00001,3/14/2026,C0131,Kojo Tetteh,Ashanti,P011,Office Chair,Furniture,1,1236.01,Felix,1236.01
O00002,8/16/2025,C0157,Efua Appiah,Western,P019,Ethernet Switch,Networking,1,682.34,Cynthia,682.34
O00003,5/31/2025,C0009,Adwoa Tetteh,Ashanti,P010,Mini Pc,Computers,1,4505.84,David,4505.84
O00004,2/8/2026,C0138,Joseph Darko,Greater Accra,P006,24-Inch Monitor,Displays,2,1453.73,Cynthia,2907.46
O00005,3/17/2026,C0114,Efua Adjei,Central,P003,Usb-C Hub,Accessories,1,200.47,David,200.47
O00006,4/30/2026,C0155,Daniel Addo,Ashanti,P014,Headset,Audio,1,310.92,Gifty,310.92
O00007,10/2/2026,C0108,Kofi Boateng,Greater Accra,P001,Wireless Mouse,Accessories,2,95.13,Gifty,190.26
O00008,8/17/2026,C0058,Adwoa Adjei,Eastern,P017,Flash Drive 128Gb,Storage,3,154.97,Gifty,464.91
O00009,12/6/2025,C0005,Daniel Addo,Northern,P003,Usb-C Hub,Accessories,1,202.23,Bernard,202.23
O00010,6/5/2026,C0063,Efua Agyeman,Greater Accra,P001,Wireless Mouse,Accessories,1,95.5,Esther,95.5
O00011,4/20/2025,C0026,Michael Boateng,Greater Accra,P008,Office Laptop,Computers,2,5828.85,Akua,11657.7
O00012,2/20/2025,C0177,Efua Agyeman,Ashanti,P013,Desk Lamp,Furniture,5,187.53,Felix,937.65
O00013,12/6/2025,C0061,Kojo Adjei,Greater Accra,P007,27-Inch Monitor,Displays,3,2370.42,David,7111.26
O00014,6/25/2026,C0081,Samuel Osei,Central,P009,Performance Laptop,Computers,1,10054.54,Cynthia,10054.54
O00015,3/2/2025,C0063,Efua Agyeman,Greater Accra,P009,Performance Laptop,Computers,1,10503.03,Henry,10503.03
O00016,11/29/2025,C0137,Grace Osei,Ashanti,P006,24-Inch Monitor,Displays,1,1521.11,Cynthia,1521.11
O00017,7/10/2025,C0088,Kofi Owusu,Ashanti,P014,Headset,Audio,2,345.14,David,690.28
O00018,10/24/2025,C0149,Samuel Appiah,Western,P017,Flash Drive 128Gb,Storage,2,151.86,Akua,303.72
O00019,5/14/2026,C0123,Akosua Agyeman,Central,P017,Flash Drive 128Gb,Storage,5,139.38,Gifty,696.9
O00020,11/7/2026,C0088,Kofi Owusu,Ashanti,P013,Desk Lamp,Furniture,2,186.51,Bernard,373.02
O00021,4/7/2026,C0020,Abena Darko,Ashanti,P017,Flash Drive 128Gb,Storage,5,144.71,David,723.55
O00022,3/26/2026,C0017,Priscilla Tetteh,Greater Accra,P018,Wi-Fi Router,Networking,2,494.79,Esther,989.58
O00023,5/19/2026,C0068,Linda Osei,Greater Accra,P007,27-Inch Monitor,Displays,1,2126.63,Henry,2126.63
O00024,8/18/2026,C0117,Kofi Osei,Eastern,P002,Mechanical Keyboard,Accessories,1,276.47,Gifty,276.47
O00025,5/14/2026,C0166,Nana Asare,Ashanti,P013,Desk Lamp,Furniture,1,180.82,Esther,180.82
O00026,9/19/2025,C0118,Esi Boateng,Western,P015,Bluetooth Speaker,Audio,1,419.17,Bernard,419.17
O00027,10/1/2026,C0164,Efua Nyarko,Greater Accra,P004,Laptop Stand,Accessories,2,171.51,Bernard,343.02
O00028,12/19/2025,C0026,Michael Boateng,Greater Accra,P001,Wireless Mouse,Accessories,1,101.23,David,101.23
O00029,8/3/2026,C0113,Nana Appiah,Greater Accra,P001,Wireless Mouse,Accessories,2,93.4,Akua,186.8
O00030,1/5/2025,C0144,Kofi Quaye,Central,P014,Headset,Audio,3,317.79,Cynthia,953.37
O00031,7/8/2026,C0086,Priscilla Nyarko,Greater Accra,P011,Office Chair,Furniture,1,1301.79,Felix,1301.79
O00032,4/14/2025,C0161,Priscilla Darko,Western,P013,Desk Lamp,Furniture,1,173.27,Felix,173.27
O00033,1/2/2026,C0110,Samuel Appiah,Eastern,P009,Performance Laptop,Computers,1,9869.2,Cynthia,9869.2
O00034,9/14/2025,C0104,Kwame Owusu,Ashanti,P005,Webcam,Accessories,1,236.59,Gifty,236.59
O00035,1/13/2025,C0117,Kofi Osei,Eastern,P017,Flash Drive 128Gb,Storage,2,143.5,Bernard,287
O00036,2/10/2025,C0134,Daniel Addo,Western,P008,Office Laptop,Computers,2,6316.25,Akua,12632.5
O00037,3/20/2026,C0176,Linda Adjei,Greater Accra,P004,Laptop Stand,Accessories,1,160.87,David,160.87
O00038,7/28/2026,C0064,Kojo Quaye,Central,P010,Mini Pc,Computers,2,4831.06,Akua,9662.12
O00039,11/29/2025,C0121,Joseph Owusu,Ashanti,P012,Standing Desk,Furniture,1,2772.73,David,2772.73
O00040,6/22/2026,C0139,Michael Osei,Eastern,P005,Webcam,Accessories,1,257.12,Esther,257.12
O00041,7/16/2026,C0125,Yaw Agyeman,Greater Accra,P018,Wi-Fi Router,Networking,1,516.36,Felix,516.36
O00042,10/10/2025,C0100,Mabel Asare,Ashanti,P015,Bluetooth Speaker,Audio,2,467.82,Bernard,935.64
O00043,6/14/2025,C0139,Michael Osei,Eastern,P001,Wireless Mouse,Accessories,1,92.09,Gifty,92.09
O00044,11/16/2025,C0058,Adwoa Adjei,Eastern,P009,Performance Laptop,Computers,3,10107.27,Esther,30321.81
O00045,2/19/2025,C0065,Linda Nyarko,Western,P013,Desk Lamp,Furniture,5,191.81,Bernard,959.05
O00046,5/15/2026,C0030,Mabel Amankwah,Eastern,P002,Mechanical Keyboard,Accessories,2,287.18,David,574.36
O00047,2/26/2026,C0040,Linda Antwi,Volta,P020,Ups,Power,1,891.43,Esther,891.43
O00048,12/30/2025,C0080,Esi Adjei,Ashanti,P009,Performance Laptop,Computers,2,10230.46,Gifty,20460.92
O00049,7/3/2026,C0100,Mabel Asare,Ashanti,P019,Ethernet Switch,Networking,1,671.46,Bernard,671.46
O00050,7/18/2025,C0135,Adwoa Adjei,Ashanti,P001,Wireless Mouse,Accessories,2,101.71,Akua,203.42
O00051,4/11/2025,C0071,Priscilla Asare,Western,P015,Bluetooth Speaker,Audio,2,452.25,Akua,904.5
O00052,5/26/2026,C0085,Isaac Osei,Ashanti,P013,Desk Lamp,Furniture,1,171.33,Henry,171.33
O00053,9/19/2025,C0100,Mabel Asare,Ashanti,P010,Mini Pc,Computers,1,4772.35,David,4772.35
O00054,4/22/2026,C0051,Kofi Appiah,Greater Accra,P009,Performance Laptop,Computers,1,10312.49,David,10312.49
O00055,3/30/2026,C0029,Kofi Mensah,Western,P007,27-Inch Monitor,Displays,1,2027.33,Henry,2027.33
O00056,4/26/2025,C0044,Linda Addo,Western,P015,Bluetooth Speaker,Audio,2,461.2,Gifty,922.4
O00057,8/26/2026,C0077,Kofi Boateng,Central,P019,Ethernet Switch,Networking,1,696.3,Gifty,696.3
O00058,6/21/2025,C0108,Kofi Boateng,Greater Accra,P006,24-Inch Monitor,Displays,1,1385.63,Esther,1385.63
O00059,7/1/2026,C0157,Efua Appiah,Western,P006,24-Inch Monitor,Displays,1,1420.56,Esther,1420.56
O00060,6/18/2025,C0163,Nana Addo,Greater Accra,P016,External Ssd 1Tb,Storage,4,847.25,Bernard,3389
O00061,3/7/2026,C0052,Esi Osei,Greater Accra,P013,Desk Lamp,Furniture,1,173.58,Akua,173.58
O00062,10/5/2025,C0078,Priscilla Asare,Eastern,P005,Webcam,Accessories,1,255.85,Esther,255.85
O00063,2/27/2026,C0113,Nana Appiah,Greater Accra,P009,Performance Laptop,Computers,4,10450.07,Henry,41800.28
O00064,7/7/2026,C0016,Nana Boateng,Ashanti,P010,Mini Pc,Computers,3,4732.39,Bernard,14197.17
O00065,3/16/2025,C0005,Daniel Addo,Northern,P013,Desk Lamp,Furniture,2,184.3,David,368.6
O00066,1/10/2025,C0172,Samuel Osei,Ashanti,P008,Office Laptop,Computers,4,5761.75,Esther,23047
O00067,9/4/2026,C0178,Linda Addo,Central,P011,Office Chair,Furniture,2,1272.12,Esther,2544.24
O00068,1/8/2026,C0080,Esi Adjei,Ashanti,P002,Mechanical Keyboard,Accessories,1,272.33,Bernard,272.33
O00069,9/14/2025,C0077,Kofi Boateng,Central,P014,Headset,Audio,1,300.35,Felix,300.35
O00070,8/1/2025,C0052,Esi Osei,Greater Accra,P007,27-Inch Monitor,Displays,2,2163.78,David,4327.56
O00071,11/6/2025,C0110,Samuel Appiah,Eastern,P017,Flash Drive 128Gb,Storage,1,155.57,Cynthia,155.57
O00072,10/3/2026,C0179,Ama Osei,Western,P017,Flash Drive 128Gb,Storage,1,155.27,Gifty,155.27
O00073,12/6/2026,C0082,Akosua Nyarko,Western,P019,Ethernet Switch,Networking,3,686.23,Akua,2058.69
O00074,7/13/2026,C0088,Kofi Owusu,Ashanti,P014,Headset,Audio,4,319.78,Felix,1279.12
O00075,8/3/2026,C0129,Yaw Asare,Greater Accra,P007,27-Inch Monitor,Displays,2,2165.87,Cynthia,4331.74
O00076,2/4/2026,C0081,Samuel Osei,Central,P012,Standing Desk,Furniture,1,2586.39,Cynthia,2586.39
O00077,1/27/2026,C0179,Ama Osei,Western,P016,External Ssd 1Tb,Storage,1,912.93,Gifty,912.93
O00078,5/23/2026,C0160,Ama Addo,Western,P013,Desk Lamp,Furniture,1,168.84,Henry,168.84
O00079,11/24/2025,C0098,Esi Owusu,Ashanti,P010,Mini Pc,Computers,3,4468.67,Akua,13406.01
O00080,12/5/2025,C0148,Daniel Boateng,Eastern,P016,External Ssd 1Tb,Storage,4,817.6,David,3270.4
O00081,7/25/2025,C0035,Esi Nyarko,Northern,P014,Headset,Audio,2,313.78,Akua,627.56
O00082,12/21/2025,C0160,Ama Addo,Western,P005,Webcam,Accessories,1,232.41,Bernard,232.41
O00083,6/18/2026,C0108,Kofi Boateng,Greater Accra,P008,Office Laptop,Computers,3,5888.36,David,17665.08
O00084,8/11/2025,C0145,Efua Adjei,Ashanti,P014,Headset,Audio,2,324.36,David,648.72
O00085,2/17/2026,C0044,Linda Addo,Western,P018,Wi-Fi Router,Networking,2,493.78,Henry,987.56
O00086,2/6/2025,C0129,Yaw Asare,Greater Accra,P014,Headset,Audio,2,316.02,Cynthia,632.04
O00087,11/12/2025,C0075,Michael Antwi,Greater Accra,P008,Office Laptop,Computers,2,6640.57,Cynthia,13281.14
O00088,6/13/2026,C0139,Michael Osei,Eastern,P013,Desk Lamp,Furniture,2,176.59,Cynthia,353.18
O00089,6/26/2026,C0058,Adwoa Adjei,Eastern,P007,27-Inch Monitor,Displays,1,2302.65,David,2302.65
O00090,3/5/2025,C0022,Priscilla Agyeman,Northern,P014,Headset,Audio,3,318.86,Gifty,956.58
O00091,9/21/2025,C0017,Priscilla Tetteh,Greater Accra,P010,Mini Pc,Computers,1,4792.62,David,4792.62
O00092,3/11/2025,C0071,Priscilla Asare,Western,P006,24-Inch Monitor,Displays,2,1563.19,Cynthia,3126.38
O00093,2/13/2026,C0033,Joseph Antwi,Ashanti,P007,27-Inch Monitor,Displays,2,2091.28,Cynthia,4182.56
O00094,2/5/2026,C0123,Akosua Agyeman,Central,P020,Ups,Power,1,878.94,Felix,878.94
O00095,7/13/2025,C0140,Abena Antwi,Greater Accra,P004,Laptop Stand,Accessories,1,153.24,Bernard,153.24
O00096,3/9/2025,C0104,Kwame Owusu,Ashanti,P009,Performance Laptop,Computers,1,9406.13,Esther,9406.13
O00097,9/5/2026,C0092,Daniel Tetteh,Ashanti,P011,Office Chair,Furniture,2,1339.45,Esther,2678.9
O00098,2/21/2025,C0099,Kojo Antwi,Greater Accra,P008,Office Laptop,Computers,2,6443.09,David,12886.18
O00099,10/25/2025,C0092,Daniel Tetteh,Ashanti,P015,Bluetooth Speaker,Audio,1,485.83,Cynthia,485.83
O00100,8/9/2025,C0039,Kojo Asare,Ashanti,P007,27-Inch Monitor,Displays,1,2124.32,Felix,2124.32
O00101,5/23/2026,C0120,Abena Nyarko,Ashanti,P007,27-Inch Monitor,Displays,1,2127.44,Gifty,2127.44
O00102,3/11/2025,C0125,Yaw Agyeman,Greater Accra,P003,Usb-C Hub,Accessories,3,202.31,Henry,606.93
O00103,4/28/2026,C0074,Adwoa Appiah,Ashanti,P008,Office Laptop,Computers,2,5948.83,Henry,11897.66
O00104,12/16/2025,C0153,Samuel Boateng,Volta,P010,Mini Pc,Computers,1,4605.53,David,4605.53
O00105,7/21/2025,C0060,Linda Nyarko,Ashanti,P012,Standing Desk,Furniture,1,2580.08,Esther,2580.08
O00106,3/6/2025,C0032,Kofi Agyeman,Western,P010,Mini Pc,Computers,3,5058.74,Felix,15176.22
O00107,9/13/2025,C0050,Abena Tetteh,Northern,P020,Ups,Power,1,880.1,Gifty,880.1
O00108,5/26/2026,C0022,Priscilla Agyeman,Northern,P012,Standing Desk,Furniture,1,2682.19,Akua,2682.19
O00109,3/29/2026,C0049,Grace Amankwah,Eastern,P006,24-Inch Monitor,Displays,4,1433.08,Henry,5732.32
O00110,2/2/2026,C0021,Kojo Quaye,Greater Accra,P010,Mini Pc,Computers,1,4938,David,4938
O00111,8/24/2026,C0169,Kwame Owusu,Ashanti,P003,Usb-C Hub,Accessories,2,214.67,Gifty,429.34
O00112,10/21/2025,C0071,Priscilla Asare,Western,P012,Standing Desk,Furniture,2,2608.07,Henry,5216.14
O00113,5/6/2025,C0100,Mabel Asare,Ashanti,P007,27-Inch Monitor,Displays,2,2065.01,Akua,4130.02
O00114,5/23/2025,C0030,Mabel Amankwah,Eastern,P018,Wi-Fi Router,Networking,4,561,Cynthia,2244
O00115,6/15/2025,C0087,Michael Darko,Ashanti,P008,Office Laptop,Computers,1,6158.14,Felix,6158.14
O00116,3/17/2025,C0017,Priscilla Tetteh,Greater Accra,P016,External Ssd 1Tb,Storage,2,869.29,Gifty,1738.58
O00117,6/28/2025,C0041,Mabel Antwi,Volta,P001,Wireless Mouse,Accessories,1,93.1,Felix,93.1
O00118,5/11/2025,C0162,Efua Antwi,Ashanti,P018,Wi-Fi Router,Networking,3,530.88,Bernard,1592.64
O00119,6/14/2026,C0155,Daniel Addo,Ashanti,P016,External Ssd 1Tb,Storage,2,908.7,Bernard,1817.4
O00120,1/8/2025,C0140,Abena Antwi,Greater Accra,P002,Mechanical Keyboard,Accessories,4,263.93,Cynthia,1055.72
O00121,8/27/2026,C0162,Efua Antwi,Ashanti,P006,24-Inch Monitor,Displays,1,1360.96,Cynthia,1360.96
O00122,9/28/2025,C0114,Efua Adjei,Central,P001,Wireless Mouse,Accessories,1,97.06,Felix,97.06
O00123,6/25/2026,C0170,Akosua Nyarko,Greater Accra,P013,Desk Lamp,Furniture,1,166.14,Felix,166.14
O00124,6/21/2026,C0164,Efua Nyarko,Greater Accra,P010,Mini Pc,Computers,2,4868.73,Bernard,9737.46
O00125,6/5/2026,C0116,Yaw Antwi,Greater Accra,P013,Desk Lamp,Furniture,1,187.27,Felix,187.27
O00126,7/23/2025,C0153,Samuel Boateng,Volta,P014,Headset,Audio,1,303.31,Cynthia,303.31
O00127,5/19/2026,C0125,Yaw Agyeman,Greater Accra,P002,Mechanical Keyboard,Accessories,1,270.25,Esther,270.25
O00128,11/24/2025,C0036,Kofi Tetteh,Northern,P007,27-Inch Monitor,Displays,1,2327.61,Esther,2327.61
O00129,5/25/2026,C0111,Daniel Osei,Greater Accra,P003,Usb-C Hub,Accessories,4,225.14,Henry,900.56
O00130,5/31/2026,C0094,Kwame Antwi,Ashanti,P006,24-Inch Monitor,Displays,1,1437.59,Esther,1437.59
O00131,8/22/2025,C0068,Linda Osei,Greater Accra,P010,Mini Pc,Computers,2,5067.97,Esther,10135.94
O00132,12/18/2025,C0030,Mabel Amankwah,Eastern,P007,27-Inch Monitor,Displays,2,2155.38,Henry,4310.76
O00133,8/5/2025,C0142,Michael Asare,Greater Accra,P007,27-Inch Monitor,Displays,1,2148.42,Bernard,2148.42
O00134,5/22/2026,C0023,Kofi Adjei,Eastern,P004,Laptop Stand,Accessories,1,164.75,Bernard,164.75
O00135,1/19/2026,C0054,Isaac Asare,Central,P002,Mechanical Keyboard,Accessories,1,257.72,Cynthia,257.72
O00136,1/5/2025,C0025,Kofi Asare,Volta,P016,External Ssd 1Tb,Storage,1,872.98,Gifty,872.98
O00137,4/25/2026,C0024,Samuel Amankwah,Ashanti,P005,Webcam,Accessories,1,250.14,Henry,250.14
O00138,1/23/2026,C0155,Daniel Addo,Ashanti,P010,Mini Pc,Computers,2,4646.79,Gifty,9293.58
O00139,6/19/2025,C0123,Akosua Agyeman,Central,P013,Desk Lamp,Furniture,1,171.51,Akua,171.51
O00140,4/15/2025,C0167,Joseph Appiah,Greater Accra,P008,Office Laptop,Computers,2,6424.87,Gifty,12849.74
O00141,2/2/2026,C0159,Abena Adjei,Greater Accra,P010,Mini Pc,Computers,3,4693.05,David,14079.15
O00142,8/21/2026,C0004,Samuel Darko,Western,P001,Wireless Mouse,Accessories,1,93.21,Esther,93.21
O00143,3/29/2025,C0012,Adwoa Quaye,Ashanti,P018,Wi-Fi Router,Networking,1,480.33,Cynthia,480.33
O00144,10/15/2025,C0035,Esi Nyarko,Northern,P005,Webcam,Accessories,1,237.82,Bernard,237.82
O00145,12/25/2025,C0061,Kojo Adjei,Greater Accra,P017,Flash Drive 128Gb,Storage,1,143.84,Henry,143.84
O00146,4/23/2026,C0038,Kofi Owusu,Volta,P008,Office Laptop,Computers,2,5869.92,Henry,11739.84
O00147,7/14/2026,C0115,Daniel Quaye,Northern,P003,Usb-C Hub,Accessories,1,194.37,Gifty,194.37
O00148,5/6/2026,C0143,Efua Mensah,Western,P016,External Ssd 1Tb,Storage,1,820.97,Cynthia,820.97
O00149,9/5/2025,C0158,Linda Osei,Central,P019,Ethernet Switch,Networking,1,677.4,Cynthia,677.4
O00150,11/7/2026,C0145,Efua Adjei,Ashanti,P017,Flash Drive 128Gb,Storage,1,148.17,Felix,148.17
O00151,1/5/2026,C0005,Daniel Addo,Northern,P018,Wi-Fi Router,Networking,1,516.58,Felix,516.58
O00152,4/18/2025,C0118,Esi Boateng,Western,P020,Ups,Power,2,858.49,Esther,1716.98
O00153,12/20/2025,C0024,Samuel Amankwah,Ashanti,P010,Mini Pc,Computers,2,5065.21,Gifty,10130.42
O00154,4/23/2025,C0119,Abena Nyarko,Central,P002,Mechanical Keyboard,Accessories,1,284.73,Esther,284.73
O00155,6/29/2025,C0097,Yaw Owusu,Greater Accra,P010,Mini Pc,Computers,3,4844.44,Henry,14533.32
O00156,9/28/2025,C0109,Grace Amankwah,Greater Accra,P011,Office Chair,Furniture,1,1199.7,Bernard,1199.7
O00157,4/27/2025,C0056,Priscilla Boateng,Greater Accra,P019,Ethernet Switch,Networking,2,732.55,Gifty,1465.1
O00158,2/25/2025,C0112,Linda Quaye,Greater Accra,P012,Standing Desk,Furniture,4,2613.33,Felix,10453.32
O00159,11/2/2025,C0126,Ama Antwi,Greater Accra,P007,27-Inch Monitor,Displays,5,2083.52,Akua,10417.6
O00160,3/8/2026,C0173,Grace Owusu,Central,P012,Standing Desk,Furniture,1,2545.1,David,2545.1
O00161,5/30/2025,C0154,Priscilla Mensah,Ashanti,P006,24-Inch Monitor,Displays,4,1421.56,Akua,5686.24
O00162,3/28/2026,C0054,Isaac Asare,Central,P019,Ethernet Switch,Networking,1,666.19,Gifty,666.19
O00163,1/31/2025,C0137,Grace Osei,Ashanti,P013,Desk Lamp,Furniture,2,165.85,Gifty,331.7
O00164,7/21/2026,C0128,Joseph Adjei,Greater Accra,P007,27-Inch Monitor,Displays,2,2181.91,Cynthia,4363.82
O00165,1/18/2026,C0145,Efua Adjei,Ashanti,P008,Office Laptop,Computers,2,6155.54,Akua,12311.08
O00166,11/30/2025,C0067,Esi Quaye,Ashanti,P003,Usb-C Hub,Accessories,5,205.58,Felix,1027.9
O00167,11/26/2025,C0074,Adwoa Appiah,Ashanti,P016,External Ssd 1Tb,Storage,2,866.46,Akua,1732.92
O00168,11/17/2025,C0019,Esi Owusu,Ashanti,P009,Performance Laptop,Computers,5,10422.34,Esther,52111.7
O00169,7/8/2026,C0061,Kojo Adjei,Greater Accra,P009,Performance Laptop,Computers,3,10465.53,Bernard,31396.59
O00170,6/26/2026,C0103,Nana Quaye,Ashanti,P006,24-Inch Monitor,Displays,1,1560.09,Akua,1560.09
O00171,8/28/2025,C0039,Kojo Asare,Ashanti,P012,Standing Desk,Furniture,1,2797.05,Esther,2797.05
O00172,9/15/2025,C0162,Efua Antwi,Ashanti,P006,24-Inch Monitor,Displays,1,1528.25,Felix,1528.25
O00173,7/30/2025,C0011,Kojo Tetteh,Greater Accra,P012,Standing Desk,Furniture,1,2410.05,Akua,2410.05
O00174,10/1/2026,C0156,Kojo Agyeman,Western,P009,Performance Laptop,Computers,1,10508.92,Cynthia,10508.92
O00175,7/25/2026,C0134,Daniel Addo,Western,P019,Ethernet Switch,Networking,1,689.82,Cynthia,689.82
O00176,9/4/2026,C0057,Joseph Osei,Eastern,P018,Wi-Fi Router,Networking,4,519.92,David,2079.68
O00177,7/27/2026,C0094,Kwame Antwi,Ashanti,P007,27-Inch Monitor,Displays,1,2073.94,Akua,2073.94
O00178,1/14/2025,C0086,Priscilla Nyarko,Greater Accra,P006,24-Inch Monitor,Displays,1,1491.06,Cynthia,1491.06
O00179,9/26/2025,C0178,Linda Addo,Central,P004,Laptop Stand,Accessories,2,168.46,Felix,336.92
O00180,5/2/2026,C0159,Abena Adjei,Greater Accra,P007,27-Inch Monitor,Displays,1,2061.68,Akua,2061.68
O00181,6/4/2025,C0061,Kojo Adjei,Greater Accra,P010,Mini Pc,Computers,3,4926.44,Cynthia,14779.32
O00182,11/10/2025,C0109,Grace Amankwah,Greater Accra,P015,Bluetooth Speaker,Audio,1,423.39,Bernard,423.39
O00183,5/7/2025,C0102,Ama Quaye,Central,P015,Bluetooth Speaker,Audio,1,459.4,Akua,459.4
O00184,2/8/2026,C0085,Isaac Osei,Ashanti,P005,Webcam,Accessories,2,221.03,Esther,442.06
O00185,10/1/2026,C0142,Michael Asare,Greater Accra,P008,Office Laptop,Computers,2,5942.38,Akua,11884.76
O00186,2/6/2025,C0083,Priscilla Owusu,Ashanti,P017,Flash Drive 128Gb,Storage,4,161.43,Cynthia,645.72
O00187,9/5/2026,C0170,Akosua Nyarko,Greater Accra,P009,Performance Laptop,Computers,4,10360.83,David,41443.32
O00188,11/30/2025,C0054,Isaac Asare,Central,P017,Flash Drive 128Gb,Storage,4,142.9,David,571.6
O00189,4/21/2025,C0109,Grace Amankwah,Greater Accra,P013,Desk Lamp,Furniture,1,168.1,Henry,168.1
O00190,3/7/2025,C0162,Efua Antwi,Ashanti,P008,Office Laptop,Computers,2,6512.25,Bernard,13024.5
O00191,10/2/2026,C0014,Grace Agyeman,Western,P001,Wireless Mouse,Accessories,2,93.31,Felix,186.62
O00192,7/14/2025,C0045,Kofi Mensah,Northern,P011,Office Chair,Furniture,1,1230.01,Felix,1230.01
O00193,1/20/2025,C0150,Samuel Darko,Central,P016,External Ssd 1Tb,Storage,4,854.71,Esther,3418.84
O00194,9/22/2025,C0166,Nana Asare,Ashanti,P007,27-Inch Monitor,Displays,1,2059.91,Akua,2059.91
O00195,3/4/2025,C0155,Daniel Addo,Ashanti,P015,Bluetooth Speaker,Audio,3,478.15,Esther,1434.45
O00196,7/25/2025,C0096,Mabel Tetteh,Ashanti,P008,Office Laptop,Computers,1,6466.86,Gifty,6466.86
O00197,7/13/2025,C0111,Daniel Osei,Greater Accra,P012,Standing Desk,Furniture,4,2612.01,Henry,10448.04
O00198,3/18/2025,C0046,Ama Antwi,Eastern,P017,Flash Drive 128Gb,Storage,1,143.96,David,143.96
O00199,3/2/2026,C0017,Priscilla Tetteh,Greater Accra,P015,Bluetooth Speaker,Audio,2,433.18,Esther,866.36
O00200,7/16/2025,C0051,Kofi Appiah,Greater Accra,P002,Mechanical Keyboard,Accessories,1,262.89,Felix,262.89
O00201,3/25/2026,C0003,Kojo Adjei,Central,P004,Laptop Stand,Accessories,1,165.27,Gifty,165.27
O00202,3/28/2026,C0153,Samuel Boateng,Volta,P016,External Ssd 1Tb,Storage,1,898.58,David,898.58
O00203,7/15/2025,C0056,Priscilla Boateng,Greater Accra,P008,Office Laptop,Computers,1,6233.44,Akua,6233.44
O00204,5/29/2026,C0037,Esi Appiah,Greater Accra,P007,27-Inch Monitor,Displays,1,2305.41,Henry,2305.41
O00205,7/30/2026,C0121,Joseph Owusu,Ashanti,P011,Office Chair,Furniture,1,1154.04,Cynthia,1154.04
O00206,11/26/2025,C0130,Ama Tetteh,Greater Accra,P015,Bluetooth Speaker,Audio,5,475.27,Felix,2376.35
O00207,2/21/2026,C0010,Ama Adjei,Central,P010,Mini Pc,Computers,3,4522.74,Felix,13568.22
O00208,10/19/2025,C0055,Yaw Antwi,Volta,P017,Flash Drive 128Gb,Storage,5,146.5,Felix,732.5
O00209,7/17/2026,C0132,Nana Asare,Eastern,P004,Laptop Stand,Accessories,1,150.97,Esther,150.97
O00210,4/4/2026,C0108,Kofi Boateng,Greater Accra,P016,External Ssd 1Tb,Storage,1,864.04,Felix,864.04
O00211,7/31/2025,C0067,Esi Quaye,Ashanti,P008,Office Laptop,Computers,1,5846.44,Felix,5846.44
O00212,1/23/2026,C0148,Daniel Boateng,Eastern,P006,24-Inch Monitor,Displays,3,1373.23,Cynthia,4119.69
O00213,5/24/2026,C0046,Ama Antwi,Eastern,P013,Desk Lamp,Furniture,1,187.42,Felix,187.42
O00214,5/21/2026,C0110,Samuel Appiah,Eastern,P017,Flash Drive 128Gb,Storage,1,139.23,Gifty,139.23
O00215,7/4/2025,C0062,Abena Asare,Central,P005,Webcam,Accessories,1,232.85,Cynthia,232.85
O00216,5/20/2025,C0075,Michael Antwi,Greater Accra,P010,Mini Pc,Computers,1,4907.47,David,4907.47
O00217,7/30/2025,C0026,Michael Boateng,Greater Accra,P010,Mini Pc,Computers,4,5068.24,Esther,20272.96
O00218,2/18/2025,C0156,Kojo Agyeman,Western,P012,Standing Desk,Furniture,1,2477.23,Akua,2477.23
O00219,9/23/2025,C0163,Nana Addo,Greater Accra,P020,Ups,Power,2,880.45,Henry,1760.9
O00220,12/17/2025,C0029,Kofi Mensah,Western,P001,Wireless Mouse,Accessories,1,92.34,Esther,92.34
O00221,2/22/2025,C0168,Yaw Tetteh,Greater Accra,P014,Headset,Audio,3,344.5,David,1033.5
O00222,4/8/2026,C0150,Samuel Darko,Central,P019,Ethernet Switch,Networking,4,726.63,Cynthia,2906.52
O00223,5/16/2025,C0140,Abena Antwi,Greater Accra,P012,Standing Desk,Furniture,2,2659.96,Henry,5319.92
O00224,6/29/2026,C0163,Nana Addo,Greater Accra,P012,Standing Desk,Furniture,1,2712.37,Esther,2712.37
O00225,9/29/2025,C0083,Priscilla Owusu,Ashanti,P009,Performance Laptop,Computers,4,10070.11,Gifty,40280.44
O00226,10/26/2025,C0012,Adwoa Quaye,Ashanti,P020,Ups,Power,1,905.94,Akua,905.94
O00227,4/4/2026,C0087,Michael Darko,Ashanti,P006,24-Inch Monitor,Displays,1,1492.19,David,1492.19
O00228,7/30/2026,C0096,Mabel Tetteh,Ashanti,P018,Wi-Fi Router,Networking,1,503.31,Cynthia,503.31
O00229,11/4/2026,C0115,Daniel Quaye,Northern,P009,Performance Laptop,Computers,1,9419.46,Felix,9419.46
O00230,8/15/2026,C0171,Linda Osei,Greater Accra,P008,Office Laptop,Computers,2,5930.33,Esther,11860.66
O00231,8/23/2026,C0006,Adwoa Boateng,Eastern,P019,Ethernet Switch,Networking,1,667.15,Esther,667.15
O00232,9/6/2026,C0171,Linda Osei,Greater Accra,P002,Mechanical Keyboard,Accessories,2,277.26,Gifty,554.52
O00233,10/13/2025,C0169,Kwame Owusu,Ashanti,P020,Ups,Power,2,945.69,Esther,1891.38
O00234,12/9/2025,C0074,Adwoa Appiah,Ashanti,P010,Mini Pc,Computers,2,4811.89,Henry,9623.78
O00235,12/11/2025,C0127,Nana Boateng,Volta,P013,Desk Lamp,Furniture,1,176.36,Akua,176.36
O00236,1/1/2025,C0125,Yaw Agyeman,Greater Accra,P010,Mini Pc,Computers,2,4768.07,Cynthia,9536.14
O00237,12/1/2026,C0056,Priscilla Boateng,Greater Accra,P004,Laptop Stand,Accessories,1,157,Bernard,157
O00238,11/22/2025,C0158,Linda Osei,Central,P006,24-Inch Monitor,Displays,1,1403.99,Gifty,1403.99
O00239,4/29/2025,C0107,Linda Antwi,Northern,P010,Mini Pc,Computers,1,4988.44,Cynthia,4988.44
O00240,12/15/2025,C0151,Mabel Tetteh,Ashanti,P016,External Ssd 1Tb,Storage,2,881.7,Esther,1763.4
O00241,1/14/2025,C0157,Efua Appiah,Western,P016,External Ssd 1Tb,Storage,1,852.71,Akua,852.71
O00242,8/6/2025,C0176,Linda Adjei,Greater Accra,P007,27-Inch Monitor,Displays,2,2141.66,David,4283.32
O00243,3/5/2026,C0129,Yaw Asare,Greater Accra,P020,Ups,Power,1,842.08,Henry,842.08
O00244,8/7/2026,C0128,Joseph Adjei,Greater Accra,P012,Standing Desk,Furniture,1,2742.92,Gifty,2742.92
O00245,11/19/2025,C0014,Grace Agyeman,Western,P020,Ups,Power,1,876.87,Henry,876.87
O00246,6/5/2025,C0047,Esi Quaye,Volta,P002,Mechanical Keyboard,Accessories,1,287.13,Henry,287.13
O00247,4/18/2026,C0168,Yaw Tetteh,Greater Accra,P006,24-Inch Monitor,Displays,1,1477.28,Henry,1477.28
O00248,1/31/2025,C0120,Abena Nyarko,Ashanti,P018,Wi-Fi Router,Networking,3,532.17,Cynthia,1596.51
O00249,4/7/2025,C0098,Esi Owusu,Ashanti,P016,External Ssd 1Tb,Storage,1,909.14,David,909.14
O00250,12/8/2025,C0050,Abena Tetteh,Northern,P003,Usb-C Hub,Accessories,5,221.69,Gifty,1108.45
O00251,7/20/2025,C0102,Ama Quaye,Central,P009,Performance Laptop,Computers,1,10161.53,Bernard,10161.53
O00252,4/5/2025,C0140,Abena Antwi,Greater Accra,P011,Office Chair,Furniture,1,1242.6,David,1242.6
O00253,10/22/2025,C0083,Priscilla Owusu,Ashanti,P009,Performance Laptop,Computers,4,9900.29,Akua,39601.16
O00254,8/13/2025,C0093,Efua Adjei,Western,P017,Flash Drive 128Gb,Storage,1,139.4,Gifty,139.4
O00255,11/5/2025,C0138,Joseph Darko,Greater Accra,P018,Wi-Fi Router,Networking,3,493.77,Cynthia,1481.31
O00256,1/17/2025,C0156,Kojo Agyeman,Western,P004,Laptop Stand,Accessories,1,153.72,Bernard,153.72
O00257,4/10/2025,C0041,Mabel Antwi,Volta,P007,27-Inch Monitor,Displays,5,2360.91,Esther,11804.55
O00258,5/20/2026,C0060,Linda Nyarko,Ashanti,P005,Webcam,Accessories,5,257.45,Cynthia,1287.25
O00259,9/20/2025,C0122,Efua Owusu,Eastern,P002,Mechanical Keyboard,Accessories,1,280.22,Bernard,280.22
O00260,7/25/2025,C0149,Samuel Appiah,Western,P018,Wi-Fi Router,Networking,1,540.37,Bernard,540.37
O00261,5/7/2025,C0022,Priscilla Agyeman,Northern,P016,External Ssd 1Tb,Storage,2,790.3,Felix,1580.6
O00262,3/8/2025,C0038,Kofi Owusu,Volta,P008,Office Laptop,Computers,1,6053.23,Felix,6053.23
O00263,8/16/2025,C0098,Esi Owusu,Ashanti,P020,Ups,Power,4,971.33,David,3885.32
O00264,3/12/2025,C0057,Joseph Osei,Eastern,P004,Laptop Stand,Accessories,5,156.65,Esther,783.25
O00265,12/11/2025,C0146,Adwoa Tetteh,Greater Accra,P018,Wi-Fi Router,Networking,2,498.63,David,997.26
O00266,8/18/2025,C0165,Kwame Tetteh,Volta,P013,Desk Lamp,Furniture,1,193.68,David,193.68
O00267,1/2/2026,C0047,Esi Quaye,Volta,P016,External Ssd 1Tb,Storage,4,788.13,Bernard,3152.52
O00268,6/20/2025,C0036,Kofi Tetteh,Northern,P003,Usb-C Hub,Accessories,1,214.25,Bernard,214.25
O00269,10/8/2025,C0157,Efua Appiah,Western,P018,Wi-Fi Router,Networking,2,525.72,Esther,1051.44
O00270,2/27/2026,C0167,Joseph Appiah,Greater Accra,P011,Office Chair,Furniture,1,1331.33,Esther,1331.33
O00271,8/1/2025,C0009,Adwoa Tetteh,Ashanti,P008,Office Laptop,Computers,1,6028.59,David,6028.59
O00272,12/24/2025,C0082,Akosua Nyarko,Western,P017,Flash Drive 128Gb,Storage,3,151.44,Henry,454.32
O00273,10/7/2025,C0116,Yaw Antwi,Greater Accra,P020,Ups,Power,3,867.36,Esther,2602.08
O00274,10/28/2025,C0148,Daniel Boateng,Eastern,P016,External Ssd 1Tb,Storage,2,878.77,Esther,1757.54
O00275,5/8/2026,C0068,Linda Osei,Greater Accra,P008,Office Laptop,Computers,1,6432.33,Akua,6432.33
O00276,8/3/2026,C0051,Kofi Appiah,Greater Accra,P004,Laptop Stand,Accessories,1,153.14,Bernard,153.14
O00277,1/2/2025,C0116,Yaw Antwi,Greater Accra,P005,Webcam,Accessories,1,233,Esther,233
O00278,7/21/2025,C0083,Priscilla Owusu,Ashanti,P008,Office Laptop,Computers,4,6471.43,Cynthia,25885.72
O00279,8/28/2026,C0169,Kwame Owusu,Ashanti,P008,Office Laptop,Computers,1,5736.8,Esther,5736.8
O00280,9/3/2026,C0091,Adwoa Antwi,Eastern,P002,Mechanical Keyboard,Accessories,2,268.73,Felix,537.46
O00281,10/2/2025,C0082,Akosua Nyarko,Western,P018,Wi-Fi Router,Networking,1,518.66,Bernard,518.66
O00282,9/25/2025,C0007,Efua Antwi,Northern,P014,Headset,Audio,1,335.83,Henry,335.83
O00283,4/1/2026,C0078,Priscilla Asare,Eastern,P009,Performance Laptop,Computers,2,9971.13,Bernard,19942.26
O00284,12/8/2026,C0061,Kojo Adjei,Greater Accra,P018,Wi-Fi Router,Networking,2,522.74,Cynthia,1045.48
O00285,10/13/2025,C0032,Kofi Agyeman,Western,P011,Office Chair,Furniture,2,1295.57,Gifty,2591.14
O00286,12/7/2025,C0052,Esi Osei,Greater Accra,P014,Headset,Audio,1,306.59,Henry,306.59
O00287,8/17/2026,C0062,Abena Asare,Central,P012,Standing Desk,Furniture,2,2408.65,Gifty,4817.3
O00288,7/20/2026,C0175,Adwoa Agyeman,Northern,P013,Desk Lamp,Furniture,2,178.23,Felix,356.46
O00289,5/27/2025,C0038,Kofi Owusu,Volta,P016,External Ssd 1Tb,Storage,3,792.39,Esther,2377.17
O00290,9/12/2025,C0029,Kofi Mensah,Western,P006,24-Inch Monitor,Displays,5,1464.24,Cynthia,7321.2
O00291,3/14/2025,C0161,Priscilla Darko,Western,P015,Bluetooth Speaker,Audio,5,423.36,David,2116.8
O00292,8/14/2025,C0120,Abena Nyarko,Ashanti,P004,Laptop Stand,Accessories,2,152.94,Gifty,305.88
O00293,12/13/2025,C0098,Esi Owusu,Ashanti,P018,Wi-Fi Router,Networking,4,505.02,Felix,2020.08
O00294,8/17/2025,C0122,Efua Owusu,Eastern,P011,Office Chair,Furniture,4,1154.92,Esther,4619.68
O00295,12/20/2025,C0066,Kojo Tetteh,Volta,P003,Usb-C Hub,Accessories,2,208.87,Gifty,417.74
O00296,12/29/2025,C0108,Kofi Boateng,Greater Accra,P002,Mechanical Keyboard,Accessories,3,280.83,Bernard,842.49
O00297,7/20/2026,C0088,Kofi Owusu,Ashanti,P006,24-Inch Monitor,Displays,2,1419.98,David,2839.96
O00298,3/2/2025,C0016,Nana Boateng,Ashanti,P004,Laptop Stand,Accessories,1,150.11,Felix,150.11
O00299,12/4/2025,C0104,Kwame Owusu,Ashanti,P015,Bluetooth Speaker,Audio,4,462.55,Henry,1850.2
O00300,3/20/2026,C0163,Nana Addo,Greater Accra,P006,24-Inch Monitor,Displays,1,1440.56,Esther,1440.56
O00301,6/18/2025,C0140,Abena Antwi,Greater Accra,P008,Office Laptop,Computers,3,6059.69,Bernard,18179.07
O00302,9/2/2025,C0139,Michael Osei,Eastern,P003,Usb-C Hub,Accessories,3,200.9,David,602.7
O00303,1/27/2025,C0150,Samuel Darko,Central,P002,Mechanical Keyboard,Accessories,1,270.55,Felix,270.55
O00304,5/28/2025,C0146,Adwoa Tetteh,Greater Accra,P015,Bluetooth Speaker,Audio,2,432.64,Cynthia,865.28
O00305,3/22/2025,C0167,Joseph Appiah,Greater Accra,P008,Office Laptop,Computers,2,6329.43,Akua,12658.86
O00306,4/15/2025,C0079,Nana Owusu,Central,P016,External Ssd 1Tb,Storage,2,811.39,Cynthia,1622.78
O00307,3/1/2025,C0088,Kofi Owusu,Ashanti,P003,Usb-C Hub,Accessories,1,202.73,Gifty,202.73
O00308,9/24/2025,C0030,Mabel Amankwah,Eastern,P008,Office Laptop,Computers,1,6498.91,David,6498.91
O00309,5/1/2026,C0023,Kofi Adjei,Eastern,P016,External Ssd 1Tb,Storage,2,902.55,Cynthia,1805.1
O00310,6/2/2026,C0122,Efua Owusu,Eastern,P015,Bluetooth Speaker,Audio,1,434.3,Cynthia,434.3
O00311,10/2/2025,C0122,Efua Owusu,Eastern,P006,24-Inch Monitor,Displays,1,1421.75,Akua,1421.75
O00312,5/16/2025,C0159,Abena Adjei,Greater Accra,P015,Bluetooth Speaker,Audio,1,423.31,Gifty,423.31
O00313,5/5/2025,C0179,Ama Osei,Western,P002,Mechanical Keyboard,Accessories,1,284.78,Akua,284.78
O00314,9/4/2026,C0120,Abena Nyarko,Ashanti,P007,27-Inch Monitor,Displays,1,2029.87,Esther,2029.87
O00315,7/8/2026,C0124,Mabel Nyarko,Greater Accra,P009,Performance Laptop,Computers,1,10347.95,Bernard,10347.95
O00316,8/25/2026,C0080,Esi Adjei,Ashanti,P019,Ethernet Switch,Networking,2,709.7,David,1419.4
O00317,9/20/2025,C0085,Isaac Osei,Ashanti,P020,Ups,Power,1,849.12,Cynthia,849.12
O00318,8/30/2026,C0104,Kwame Owusu,Ashanti,P018,Wi-Fi Router,Networking,5,489.27,Felix,2446.35
O00319,12/25/2025,C0004,Samuel Darko,Western,P002,Mechanical Keyboard,Accessories,1,259.92,David,259.92
O00320,2/24/2025,C0150,Samuel Darko,Central,P015,Bluetooth Speaker,Audio,4,469.28,Bernard,1877.12
O00321,3/17/2025,C0032,Kofi Agyeman,Western,P004,Laptop Stand,Accessories,1,158.01,Bernard,158.01
O00322,1/6/2025,C0145,Efua Adjei,Ashanti,P010,Mini Pc,Computers,1,4630.65,Esther,4630.65
O00323,11/4/2026,C0062,Abena Asare,Central,P001,Wireless Mouse,Accessories,3,101.8,Bernard,305.4
O00324,2/27/2026,C0128,Joseph Adjei,Greater Accra,P004,Laptop Stand,Accessories,2,148.58,Gifty,297.16
O00325,5/12/2025,C0032,Kofi Agyeman,Western,P007,27-Inch Monitor,Displays,1,2241.25,Akua,2241.25
O00326,1/27/2025,C0022,Priscilla Agyeman,Northern,P004,Laptop Stand,Accessories,1,149.82,Henry,149.82
O00327,7/28/2026,C0047,Esi Quaye,Volta,P002,Mechanical Keyboard,Accessories,1,282.62,David,282.62
O00328,1/14/2026,C0079,Nana Owusu,Central,P003,Usb-C Hub,Accessories,1,196.89,Akua,196.89
O00329,2/21/2025,C0058,Adwoa Adjei,Eastern,P016,External Ssd 1Tb,Storage,1,798.85,Gifty,798.85
O00330,8/6/2025,C0146,Adwoa Tetteh,Greater Accra,P008,Office Laptop,Computers,1,6191.91,Henry,6191.91
O00331,2/1/2026,C0162,Efua Antwi,Ashanti,P019,Ethernet Switch,Networking,2,662.28,Esther,1324.56
O00332,10/28/2025,C0083,Priscilla Owusu,Ashanti,P003,Usb-C Hub,Accessories,1,193.91,Felix,193.91
O00333,3/17/2026,C0013,Abena Boateng,Ashanti,P004,Laptop Stand,Accessories,1,152.78,Bernard,152.78
O00334,1/18/2025,C0118,Esi Boateng,Western,P011,Office Chair,Furniture,2,1236.35,Akua,2472.7
O00335,7/11/2025,C0016,Nana Boateng,Ashanti,P008,Office Laptop,Computers,2,6305.99,Felix,12611.98
O00336,8/26/2025,C0177,Efua Agyeman,Ashanti,P002,Mechanical Keyboard,Accessories,1,291.69,Bernard,291.69
O00337,3/20/2026,C0073,Kwame Boateng,Greater Accra,P002,Mechanical Keyboard,Accessories,1,281.47,Cynthia,281.47
O00338,2/6/2026,C0167,Joseph Appiah,Greater Accra,P010,Mini Pc,Computers,1,4892.33,Akua,4892.33
O00339,5/3/2025,C0136,Isaac Tetteh,Greater Accra,P009,Performance Laptop,Computers,1,10411.89,David,10411.89
O00340,1/3/2025,C0129,Yaw Asare,Greater Accra,P012,Standing Desk,Furniture,2,2802.84,Gifty,5605.68
O00341,6/28/2025,C0145,Efua Adjei,Ashanti,P014,Headset,Audio,3,296.29,Cynthia,888.87
O00342,5/19/2025,C0152,Mabel Agyeman,Central,P002,Mechanical Keyboard,Accessories,3,271.52,David,814.56
O00343,8/2/2025,C0011,Kojo Tetteh,Greater Accra,P014,Headset,Audio,1,322.69,Bernard,322.69
O00344,3/6/2025,C0094,Kwame Antwi,Ashanti,P007,27-Inch Monitor,Displays,1,2032.27,Henry,2032.27
O00345,6/21/2026,C0007,Efua Antwi,Northern,P018,Wi-Fi Router,Networking,1,525.05,David,525.05
O00346,1/21/2026,C0052,Esi Osei,Greater Accra,P016,External Ssd 1Tb,Storage,5,824.96,David,4124.8
O00347,10/26/2025,C0108,Kofi Boateng,Greater Accra,P010,Mini Pc,Computers,1,4676.76,Gifty,4676.76
O00348,7/22/2026,C0127,Nana Boateng,Volta,P015,Bluetooth Speaker,Audio,1,437.35,Felix,437.35
O00349,3/2/2026,C0149,Samuel Appiah,Western,P018,Wi-Fi Router,Networking,2,519.09,Henry,1038.18
O00350,5/2/2026,C0004,Samuel Darko,Western,P018,Wi-Fi Router,Networking,1,512.82,David,512.82
O00351,4/5/2026,C0134,Daniel Addo,Western,P012,Standing Desk,Furniture,1,2729.56,Felix,2729.56
O00352,6/27/2026,C0015,Adwoa Adjei,Western,P009,Performance Laptop,Computers,3,10005.66,Felix,30016.98
O00353,11/8/2025,C0118,Esi Boateng,Western,P005,Webcam,Accessories,1,228.53,Esther,228.53
O00354,6/13/2025,C0023,Kofi Adjei,Eastern,P013,Desk Lamp,Furniture,1,183.06,David,183.06
O00355,2/18/2026,C0072,Akosua Nyarko,Greater Accra,P005,Webcam,Accessories,1,235.55,Felix,235.55
O00356,8/25/2025,C0085,Isaac Osei,Ashanti,P020,Ups,Power,5,941.75,Akua,4708.75
O00357,7/14/2026,C0133,Kojo Darko,Northern,P003,Usb-C Hub,Accessories,1,223.01,Esther,223.01
O00358,5/10/2025,C0171,Linda Osei,Greater Accra,P013,Desk Lamp,Furniture,4,183.74,Akua,734.96
O00359,5/14/2026,C0094,Kwame Antwi,Ashanti,P016,External Ssd 1Tb,Storage,1,906.04,Cynthia,906.04
O00360,3/1/2025,C0048,Yaw Osei,Greater Accra,P015,Bluetooth Speaker,Audio,1,454.58,Cynthia,454.58
O00361,8/7/2025,C0118,Esi Boateng,Western,P011,Office Chair,Furniture,1,1290.64,Felix,1290.64
O00362,2/1/2025,C0047,Esi Quaye,Volta,P009,Performance Laptop,Computers,2,9966.23,Bernard,19932.46
O00363,7/21/2026,C0064,Kojo Quaye,Central,P018,Wi-Fi Router,Networking,1,536.95,Gifty,536.95
O00364,12/16/2025,C0152,Mabel Agyeman,Central,P020,Ups,Power,3,854.51,Akua,2563.53
O00365,1/17/2026,C0064,Kojo Quaye,Central,P014,Headset,Audio,2,331.36,Akua,662.72
O00366,4/5/2026,C0120,Abena Nyarko,Ashanti,P016,External Ssd 1Tb,Storage,1,787.52,Bernard,787.52
O00367,4/11/2025,C0121,Joseph Owusu,Ashanti,P001,Wireless Mouse,Accessories,1,100.03,David,100.03
O00368,5/22/2025,C0057,Joseph Osei,Eastern,P004,Laptop Stand,Accessories,1,158.25,Cynthia,158.25
O00369,3/31/2026,C0003,Kojo Adjei,Central,P011,Office Chair,Furniture,2,1211.96,Felix,2423.92
O00370,3/29/2026,C0068,Linda Osei,Greater Accra,P001,Wireless Mouse,Accessories,2,91.85,Gifty,183.7
O00371,1/14/2026,C0169,Kwame Owusu,Ashanti,P008,Office Laptop,Computers,1,6575.13,Felix,6575.13
O00372,1/4/2025,C0046,Ama Antwi,Eastern,P010,Mini Pc,Computers,5,4972.86,David,24864.3
O00373,7/26/2026,C0028,Mabel Amankwah,Volta,P001,Wireless Mouse,Accessories,2,96.38,Akua,192.76
O00374,4/22/2025,C0152,Mabel Agyeman,Central,P002,Mechanical Keyboard,Accessories,3,266.18,David,798.54
O00375,8/26/2025,C0077,Kofi Boateng,Central,P011,Office Chair,Furniture,2,1322.43,Felix,2644.86
O00376,9/17/2025,C0048,Yaw Osei,Greater Accra,P009,Performance Laptop,Computers,1,10370.19,Felix,10370.19
O00377,6/22/2026,C0021,Kojo Quaye,Greater Accra,P007,27-Inch Monitor,Displays,1,2223.17,Gifty,2223.17
O00378,3/3/2025,C0117,Kofi Osei,Eastern,P017,Flash Drive 128Gb,Storage,2,146.3,Henry,292.6
O00379,3/21/2026,C0110,Samuel Appiah,Eastern,P006,24-Inch Monitor,Displays,1,1487.45,Esther,1487.45
O00380,12/14/2025,C0078,Priscilla Asare,Eastern,P008,Office Laptop,Computers,2,6484.37,Esther,12968.74
O00381,3/13/2026,C0168,Yaw Tetteh,Greater Accra,P008,Office Laptop,Computers,2,6546.8,Henry,13093.6
O00382,5/16/2026,C0134,Daniel Addo,Western,P014,Headset,Audio,2,330.07,Gifty,660.14
O00383,4/25/2025,C0064,Kojo Quaye,Central,P011,Office Chair,Furniture,1,1287.35,Henry,1287.35
O00384,4/3/2025,C0083,Priscilla Owusu,Ashanti,P006,24-Inch Monitor,Displays,1,1513.98,Bernard,1513.98
O00385,3/30/2026,C0064,Kojo Quaye,Central,P009,Performance Laptop,Computers,1,9931.86,Cynthia,9931.86
O00386,7/30/2026,C0143,Efua Mensah,Western,P002,Mechanical Keyboard,Accessories,4,289.04,Gifty,1156.16
O00387,11/11/2025,C0085,Isaac Osei,Ashanti,P007,27-Inch Monitor,Displays,1,2209.16,Felix,2209.16
O00388,9/7/2025,C0060,Linda Nyarko,Ashanti,P010,Mini Pc,Computers,1,4688.25,Cynthia,4688.25
O00389,3/14/2025,C0111,Daniel Osei,Greater Accra,P009,Performance Laptop,Computers,5,10500.33,Henry,52501.65
O00390,6/18/2026,C0108,Kofi Boateng,Greater Accra,P011,Office Chair,Furniture,5,1293.68,Gifty,6468.4
O00391,1/8/2026,C0142,Michael Asare,Greater Accra,P017,Flash Drive 128Gb,Storage,1,139.11,David,139.11
O00392,5/4/2026,C0027,Efua Appiah,Northern,P003,Usb-C Hub,Accessories,1,215.4,Esther,215.4
O00393,4/5/2026,C0071,Priscilla Asare,Western,P006,24-Inch Monitor,Displays,1,1385.13,Esther,1385.13
O00394,8/25/2025,C0069,Yaw Addo,Greater Accra,P007,27-Inch Monitor,Displays,1,2365.9,Cynthia,2365.9
O00395,2/20/2025,C0125,Yaw Agyeman,Greater Accra,P011,Office Chair,Furniture,2,1196.56,Gifty,2393.12
O00396,6/3/2026,C0166,Nana Asare,Ashanti,P018,Wi-Fi Router,Networking,1,516.6,Cynthia,516.6
O00397,10/26/2025,C0157,Efua Appiah,Western,P007,27-Inch Monitor,Displays,2,2262,Akua,4524
O00398,6/27/2026,C0073,Kwame Boateng,Greater Accra,P019,Ethernet Switch,Networking,2,654.82,David,1309.64
O00399,9/5/2025,C0019,Esi Owusu,Ashanti,P012,Standing Desk,Furniture,2,2726.47,Esther,5452.94
O00400,7/25/2025,C0094,Kwame Antwi,Ashanti,P006,24-Inch Monitor,Displays,1,1356.56,Felix,1356.56
O00401,1/24/2026,C0171,Linda Osei,Greater Accra,P010,Mini Pc,Computers,2,4891.69,Bernard,9783.38
O00402,7/4/2025,C0058,Adwoa Adjei,Eastern,P016,External Ssd 1Tb,Storage,1,876.17,Henry,876.17
O00403,12/20/2025,C0093,Efua Adjei,Western,P003,Usb-C Hub,Accessories,1,213.59,Gifty,213.59
O00404,1/7/2026,C0088,Kofi Owusu,Ashanti,P007,27-Inch Monitor,Displays,2,2287.39,Cynthia,4574.78
O00405,7/20/2025,C0172,Samuel Osei,Ashanti,P017,Flash Drive 128Gb,Storage,1,159.81,Akua,159.81
O00406,7/21/2025,C0179,Ama Osei,Western,P014,Headset,Audio,5,299.02,Bernard,1495.1
O00407,8/18/2026,C0097,Yaw Owusu,Greater Accra,P010,Mini Pc,Computers,1,4614.53,Henry,4614.53
O00408,5/16/2025,C0102,Ama Quaye,Central,P011,Office Chair,Furniture,1,1309.71,David,1309.71
O00409,3/5/2025,C0006,Adwoa Boateng,Eastern,P015,Bluetooth Speaker,Audio,1,423.91,Gifty,423.91
O00410,4/28/2026,C0073,Kwame Boateng,Greater Accra,P020,Ups,Power,4,920.73,Henry,3682.92
O00411,9/20/2025,C0054,Isaac Asare,Central,P013,Desk Lamp,Furniture,1,185.2,Esther,185.2
O00412,8/18/2026,C0068,Linda Osei,Greater Accra,P018,Wi-Fi Router,Networking,1,561.2,Felix,561.2
O00413,4/6/2025,C0126,Ama Antwi,Greater Accra,P009,Performance Laptop,Computers,1,10095.24,Cynthia,10095.24
O00414,2/14/2025,C0033,Joseph Antwi,Ashanti,P008,Office Laptop,Computers,1,5829.72,Cynthia,5829.72
O00415,5/22/2026,C0014,Grace Agyeman,Western,P014,Headset,Audio,1,331.01,Akua,331.01
O00416,8/20/2025,C0115,Daniel Quaye,Northern,P007,27-Inch Monitor,Displays,1,2074.14,Gifty,2074.14
O00417,5/13/2025,C0136,Isaac Tetteh,Greater Accra,P013,Desk Lamp,Furniture,1,189.52,Cynthia,189.52
O00418,9/20/2025,C0063,Efua Agyeman,Greater Accra,P010,Mini Pc,Computers,2,4642.33,Gifty,9284.66
O00419,4/7/2025,C0172,Samuel Osei,Ashanti,P012,Standing Desk,Furniture,2,2697.88,David,5395.76
O00420,5/28/2026,C0005,Daniel Addo,Northern,P006,24-Inch Monitor,Displays,1,1489.7,Esther,1489.7
O00421,6/2/2025,C0094,Kwame Antwi,Ashanti,P003,Usb-C Hub,Accessories,2,209.96,Cynthia,419.92
O00422,2/5/2026,C0031,Kofi Nyarko,Greater Accra,P013,Desk Lamp,Furniture,2,184.21,David,368.42
O00423,6/3/2026,C0165,Kwame Tetteh,Volta,P003,Usb-C Hub,Accessories,3,207.93,Felix,623.79
O00424,5/23/2026,C0030,Mabel Amankwah,Eastern,P011,Office Chair,Furniture,3,1345.95,Cynthia,4037.85
O00425,7/7/2026,C0013,Abena Boateng,Ashanti,P007,27-Inch Monitor,Displays,5,2304.16,Bernard,11520.8
O00426,12/11/2025,C0108,Kofi Boateng,Greater Accra,P011,Office Chair,Furniture,1,1233.44,Cynthia,1233.44
O00427,4/12/2025,C0157,Efua Appiah,Western,P017,Flash Drive 128Gb,Storage,1,138.3,Esther,138.3
O00428,7/2/2025,C0025,Kofi Asare,Volta,P003,Usb-C Hub,Accessories,1,218.8,Felix,218.8
O00429,1/23/2026,C0024,Samuel Amankwah,Ashanti,P004,Laptop Stand,Accessories,2,147.37,Felix,294.74
O00430,12/14/2025,C0046,Ama Antwi,Eastern,P017,Flash Drive 128Gb,Storage,4,142.02,Cynthia,568.08
O00431,2/5/2025,C0132,Nana Asare,Eastern,P016,External Ssd 1Tb,Storage,1,846.98,Akua,846.98
O00432,3/12/2025,C0167,Joseph Appiah,Greater Accra,P014,Headset,Audio,1,311.66,Felix,311.66
O00433,1/6/2025,C0068,Linda Osei,Greater Accra,P008,Office Laptop,Computers,1,5878.07,Esther,5878.07
O00434,1/29/2025,C0146,Adwoa Tetteh,Greater Accra,P008,Office Laptop,Computers,1,6558.66,Felix,6558.66
O00435,5/24/2026,C0131,Kojo Tetteh,Ashanti,P006,24-Inch Monitor,Displays,1,1439.92,Henry,1439.92
O00436,1/28/2026,C0022,Priscilla Agyeman,Northern,P006,24-Inch Monitor,Displays,1,1542.05,David,1542.05
O00437,2/7/2025,C0083,Priscilla Owusu,Ashanti,P003,Usb-C Hub,Accessories,2,213,Henry,426
O00438,4/27/2025,C0071,Priscilla Asare,Western,P011,Office Chair,Furniture,3,1295.66,Cynthia,3886.98
O00439,9/5/2025,C0025,Kofi Asare,Volta,P006,24-Inch Monitor,Displays,2,1463.73,Bernard,2927.46
O00440,11/19/2025,C0089,Abena Osei,Central,P013,Desk Lamp,Furniture,3,170.44,Gifty,511.32
O00441,4/25/2025,C0090,Mabel Darko,Volta,P015,Bluetooth Speaker,Audio,1,454.93,Cynthia,454.93
O00442,12/3/2026,C0050,Abena Tetteh,Northern,P019,Ethernet Switch,Networking,2,661.06,Felix,1322.12
O00443,8/28/2025,C0038,Kofi Owusu,Volta,P019,Ethernet Switch,Networking,1,728.72,Esther,728.72
O00444,4/21/2025,C0125,Yaw Agyeman,Greater Accra,P019,Ethernet Switch,Networking,1,643.23,Esther,643.23
O00445,5/12/2025,C0176,Linda Adjei,Greater Accra,P013,Desk Lamp,Furniture,1,184.81,David,184.81
O00446,1/15/2025,C0084,Nana Appiah,Western,P003,Usb-C Hub,Accessories,3,209.8,David,629.4
O00447,6/5/2025,C0114,Efua Adjei,Central,P009,Performance Laptop,Computers,1,10098.43,Bernard,10098.43
O00448,6/30/2026,C0168,Yaw Tetteh,Greater Accra,P010,Mini Pc,Computers,1,4468.63,Esther,4468.63
O00449,1/26/2025,C0139,Michael Osei,Eastern,P018,Wi-Fi Router,Networking,1,557.46,Akua,557.46
O00450,11/23/2025,C0040,Linda Antwi,Volta,P004,Laptop Stand,Accessories,1,162.85,Akua,162.85
O00451,10/25/2025,C0117,Kofi Osei,Eastern,P009,Performance Laptop,Computers,1,9025.29,Gifty,9025.29
O00452,8/3/2026,C0148,Daniel Boateng,Eastern,P015,Bluetooth Speaker,Audio,3,459.64,Gifty,1378.92
O00453,2/2/2026,C0133,Kojo Darko,Northern,P005,Webcam,Accessories,2,231.85,Henry,463.7
O00454,3/27/2025,C0083,Priscilla Owusu,Ashanti,P009,Performance Laptop,Computers,3,9457.28,Bernard,28371.84
O00455,3/10/2025,C0147,Linda Agyeman,Ashanti,P010,Mini Pc,Computers,1,4993.22,Bernard,4993.22
O00456,2/22/2026,C0010,Ama Adjei,Central,P010,Mini Pc,Computers,1,4726.17,Henry,4726.17
O00457,3/22/2025,C0160,Ama Addo,Western,P007,27-Inch Monitor,Displays,3,2164.55,Felix,6493.65
O00458,8/28/2026,C0095,Linda Antwi,Northern,P015,Bluetooth Speaker,Audio,3,426.42,Felix,1279.26
O00459,5/29/2026,C0059,Akosua Owusu,Ashanti,P013,Desk Lamp,Furniture,2,179.58,Gifty,359.16
O00460,7/17/2025,C0132,Nana Asare,Eastern,P007,27-Inch Monitor,Displays,2,2070.97,Esther,4141.94
O00461,4/29/2025,C0007,Efua Antwi,Northern,P020,Ups,Power,2,945.57,Cynthia,1891.14
O00462,3/2/2026,C0115,Daniel Quaye,Northern,P020,Ups,Power,2,863.83,Henry,1727.66
O00463,3/16/2025,C0063,Efua Agyeman,Greater Accra,P009,Performance Laptop,Computers,3,9134.42,Henry,27403.26
O00464,10/24/2025,C0169,Kwame Owusu,Ashanti,P010,Mini Pc,Computers,2,4510.44,Bernard,9020.88
O00465,4/1/2025,C0129,Yaw Asare,Greater Accra,P005,Webcam,Accessories,2,236.05,Henry,472.1
O00466,2/28/2026,C0088,Kofi Owusu,Ashanti,P003,Usb-C Hub,Accessories,1,198.29,Felix,198.29
O00467,9/26/2025,C0022,Priscilla Agyeman,Northern,P011,Office Chair,Furniture,4,1333.43,Esther,5333.72
O00468,7/18/2026,C0048,Yaw Osei,Greater Accra,P007,27-Inch Monitor,Displays,1,2255.27,Akua,2255.27
O00469,5/5/2025,C0028,Mabel Amankwah,Volta,P020,Ups,Power,1,960.27,Cynthia,960.27
O00470,10/2/2025,C0171,Linda Osei,Greater Accra,P017,Flash Drive 128Gb,Storage,2,156.71,Gifty,313.42
O00471,1/20/2025,C0080,Esi Adjei,Ashanti,P015,Bluetooth Speaker,Audio,2,454.38,David,908.76
O00472,5/15/2025,C0112,Linda Quaye,Greater Accra,P001,Wireless Mouse,Accessories,1,92.49,Esther,92.49
O00473,3/28/2025,C0125,Yaw Agyeman,Greater Accra,P006,24-Inch Monitor,Displays,3,1455.93,Felix,4367.79
O00474,4/20/2026,C0029,Kofi Mensah,Western,P014,Headset,Audio,4,307.54,Esther,1230.16
O00475,5/26/2025,C0035,Esi Nyarko,Northern,P013,Desk Lamp,Furniture,1,172.89,Gifty,172.89
O00476,12/25/2025,C0060,Linda Nyarko,Ashanti,P002,Mechanical Keyboard,Accessories,3,282.08,Cynthia,846.24
O00477,7/5/2025,C0146,Adwoa Tetteh,Greater Accra,P010,Mini Pc,Computers,2,5163.07,Akua,10326.14
O00478,1/17/2026,C0138,Joseph Darko,Greater Accra,P016,External Ssd 1Tb,Storage,2,908.94,Henry,1817.88
O00479,1/17/2025,C0095,Linda Antwi,Northern,P005,Webcam,Accessories,2,227.78,Henry,455.56
O00480,7/25/2026,C0096,Mabel Tetteh,Ashanti,P008,Office Laptop,Computers,1,6069.9,Henry,6069.9
O00481,3/13/2025,C0068,Linda Osei,Greater Accra,P018,Wi-Fi Router,Networking,5,510.1,Henry,2550.5
O00482,7/1/2025,C0180,Linda Tetteh,Greater Accra,P012,Standing Desk,Furniture,1,2801.41,Akua,2801.41
O00483,4/11/2025,C0068,Linda Osei,Greater Accra,P007,27-Inch Monitor,Displays,2,2259.07,Esther,4518.14
O00484,4/26/2026,C0086,Priscilla Nyarko,Greater Accra,P006,24-Inch Monitor,Displays,2,1347.17,Esther,2694.34
O00485,8/27/2025,C0055,Yaw Antwi,Volta,P002,Mechanical Keyboard,Accessories,2,294.62,Esther,589.24
O00486,11/2/2026,C0009,Adwoa Tetteh,Ashanti,P007,27-Inch Monitor,Displays,1,2328.07,Felix,2328.07
O00487,2/17/2026,C0074,Adwoa Appiah,Ashanti,P011,Office Chair,Furniture,1,1213.71,Bernard,1213.71
O00488,3/7/2026,C0087,Michael Darko,Ashanti,P014,Headset,Audio,1,310.93,David,310.93
O00489,6/6/2026,C0127,Nana Boateng,Volta,P014,Headset,Audio,2,318.56,Felix,637.12
O00490,1/28/2025,C0005,Daniel Addo,Northern,P012,Standing Desk,Furniture,1,2522.26,Gifty,2522.26
O00491,3/16/2025,C0170,Akosua Nyarko,Greater Accra,P002,Mechanical Keyboard,Accessories,1,296.33,Gifty,296.33
O00492,2/14/2025,C0174,Samuel Amankwah,Northern,P014,Headset,Audio,1,344.11,David,344.11
O00493,5/10/2025,C0143,Efua Mensah,Western,P014,Headset,Audio,1,303.06,Felix,303.06
O00494,2/7/2025,C0053,Grace Appiah,Western,P018,Wi-Fi Router,Networking,2,560.49,Cynthia,1120.98
O00495,7/27/2025,C0056,Priscilla Boateng,Greater Accra,P003,Usb-C Hub,Accessories,3,212.57,Gifty,637.71
O00496,5/20/2026,C0176,Linda Adjei,Greater Accra,P017,Flash Drive 128Gb,Storage,2,138.43,Gifty,276.86
O00497,1/21/2025,C0111,Daniel Osei,Greater Accra,P008,Office Laptop,Computers,1,5836.13,Bernard,5836.13
O00498,7/25/2025,C0004,Samuel Darko,Western,P013,Desk Lamp,Furniture,1,189.79,Esther,189.79
O00499,5/20/2025,C0123,Akosua Agyeman,Central,P007,27-Inch Monitor,Displays,1,2322.83,Henry,2322.83
O00500,1/20/2025,C0031,Kofi Nyarko,Greater Accra,P020,Ups,Power,3,933.98,Felix,2801.94
O00501,5/16/2025,C0147,Linda Agyeman,Ashanti,P007,27-Inch Monitor,Displays,4,2324.8,Henry,9299.2
O00502,11/6/2026,C0110,Samuel Appiah,Eastern,P005,Webcam,Accessories,1,220.94,Felix,220.94
O00503,4/20/2026,C0145,Efua Adjei,Ashanti,P001,Wireless Mouse,Accessories,2,97.68,Esther,195.36
O00504,7/4/2025,C0051,Kofi Appiah,Greater Accra,P018,Wi-Fi Router,Networking,1,510,Cynthia,510
O00505,10/3/2025,C0014,Grace Agyeman,Western,P009,Performance Laptop,Computers,1,10165.4,Akua,10165.4
O00506,3/5/2025,C0128,Joseph Adjei,Greater Accra,P011,Office Chair,Furniture,3,1205.55,Gifty,3616.65
O00507,1/31/2025,C0087,Michael Darko,Ashanti,P009,Performance Laptop,Computers,2,9739.73,Esther,19479.46
O00508,8/24/2025,C0061,Kojo Adjei,Greater Accra,P006,24-Inch Monitor,Displays,2,1527.19,Esther,3054.38
O00509,4/14/2025,C0114,Efua Adjei,Central,P009,Performance Laptop,Computers,1,9929.02,Gifty,9929.02
O00510,7/24/2026,C0066,Kojo Tetteh,Volta,P008,Office Laptop,Computers,3,6013.82,Akua,18041.46
O00511,5/17/2026,C0162,Efua Antwi,Ashanti,P005,Webcam,Accessories,2,243.02,Gifty,486.04
O00512,6/7/2025,C0086,Priscilla Nyarko,Greater Accra,P007,27-Inch Monitor,Displays,3,2144.03,Bernard,6432.09
O00513,5/27/2026,C0150,Samuel Darko,Central,P014,Headset,Audio,2,331.74,Esther,663.48
O00514,5/1/2025,C0081,Samuel Osei,Central,P001,Wireless Mouse,Accessories,2,93.02,Henry,186.04
O00515,8/24/2025,C0019,Esi Owusu,Ashanti,P007,27-Inch Monitor,Displays,1,2347.03,Akua,2347.03
O00516,3/14/2026,C0089,Abena Osei,Central,P011,Office Chair,Furniture,3,1276.21,Felix,3828.63
O00517,1/2/2026,C0019,Esi Owusu,Ashanti,P006,24-Inch Monitor,Displays,2,1439.15,Gifty,2878.3
O00518,8/30/2026,C0066,Kojo Tetteh,Volta,P012,Standing Desk,Furniture,1,2591.69,David,2591.69
O00519,3/21/2026,C0033,Joseph Antwi,Ashanti,P008,Office Laptop,Computers,3,6265.06,Akua,18795.18
O00520,4/16/2026,C0055,Yaw Antwi,Volta,P002,Mechanical Keyboard,Accessories,1,287.6,Bernard,287.6
O00521,2/27/2026,C0056,Priscilla Boateng,Greater Accra,P005,Webcam,Accessories,1,255.69,Esther,255.69
O00522,5/5/2026,C0150,Samuel Darko,Central,P003,Usb-C Hub,Accessories,1,209.5,Gifty,209.5
O00523,3/5/2026,C0177,Efua Agyeman,Ashanti,P010,Mini Pc,Computers,1,4601.96,Esther,4601.96
O00524,8/26/2026,C0127,Nana Boateng,Volta,P018,Wi-Fi Router,Networking,5,499.01,Bernard,2495.05
O00525,5/9/2025,C0005,Daniel Addo,Northern,P012,Standing Desk,Furniture,1,2409.44,David,2409.44
O00526,4/18/2026,C0145,Efua Adjei,Ashanti,P004,Laptop Stand,Accessories,2,167.58,Esther,335.16
O00527,2/22/2026,C0164,Efua Nyarko,Greater Accra,P010,Mini Pc,Computers,1,4480.13,Akua,4480.13
O00528,5/21/2026,C0131,Kojo Tetteh,Ashanti,P005,Webcam,Accessories,3,248.69,Henry,746.07
O00529,10/6/2026,C0143,Efua Mensah,Western,P010,Mini Pc,Computers,1,5118.85,Gifty,5118.85
O00530,1/26/2025,C0089,Abena Osei,Central,P004,Laptop Stand,Accessories,3,147.7,David,443.1
O00531,6/14/2026,C0046,Ama Antwi,Eastern,P005,Webcam,Accessories,2,243.36,Felix,486.72
O00532,6/8/2025,C0139,Michael Osei,Eastern,P019,Ethernet Switch,Networking,2,712.14,Akua,1424.28
O00533,3/7/2026,C0107,Linda Antwi,Northern,P004,Laptop Stand,Accessories,2,159.06,David,318.12
O00534,1/9/2025,C0177,Efua Agyeman,Ashanti,P015,Bluetooth Speaker,Audio,1,467.27,Henry,467.27
O00535,5/11/2025,C0121,Joseph Owusu,Ashanti,P011,Office Chair,Furniture,1,1305.96,Cynthia,1305.96
O00536,3/22/2026,C0002,Efua Nyarko,Greater Accra,P009,Performance Laptop,Computers,1,9505.75,Felix,9505.75
O00537,7/6/2026,C0141,Priscilla Tetteh,Central,P005,Webcam,Accessories,1,226.67,Gifty,226.67
O00538,12/11/2025,C0017,Priscilla Tetteh,Greater Accra,P013,Desk Lamp,Furniture,2,182.64,Akua,365.28
O00539,10/30/2025,C0045,Kofi Mensah,Northern,P006,24-Inch Monitor,Displays,1,1531.7,Bernard,1531.7
O00540,9/4/2025,C0005,Daniel Addo,Northern,P010,Mini Pc,Computers,1,4903.09,Felix,4903.09
O00541,4/14/2025,C0046,Ama Antwi,Eastern,P015,Bluetooth Speaker,Audio,1,475.19,Esther,475.19
O00542,3/30/2026,C0031,Kofi Nyarko,Greater Accra,P006,24-Inch Monitor,Displays,1,1431.08,Akua,1431.08
O00543,8/17/2026,C0044,Linda Addo,Western,P019,Ethernet Switch,Networking,4,643.23,Bernard,2572.92
O00544,8/17/2026,C0091,Adwoa Antwi,Eastern,P007,27-Inch Monitor,Displays,2,2290.97,Akua,4581.94
O00545,7/13/2026,C0153,Samuel Boateng,Volta,P020,Ups,Power,1,922.19,David,922.19
O00546,3/7/2026,C0054,Isaac Asare,Central,P009,Performance Laptop,Computers,1,10093.67,Akua,10093.67
O00547,5/22/2026,C0053,Grace Appiah,Western,P019,Ethernet Switch,Networking,1,722.03,Cynthia,722.03
O00548,5/23/2025,C0111,Daniel Osei,Greater Accra,P002,Mechanical Keyboard,Accessories,1,270.75,Esther,270.75
O00549,1/23/2026,C0103,Nana Quaye,Ashanti,P011,Office Chair,Furniture,1,1151.57,Cynthia,1151.57
O00550,5/7/2026,C0111,Daniel Osei,Greater Accra,P012,Standing Desk,Furniture,1,2416.1,Felix,2416.1
O00551,9/28/2025,C0160,Ama Addo,Western,P020,Ups,Power,1,880.97,Akua,880.97
O00552,1/31/2025,C0047,Esi Quaye,Volta,P014,Headset,Audio,2,321.21,Esther,642.42
O00553,4/24/2025,C0066,Kojo Tetteh,Volta,P005,Webcam,Accessories,1,252.45,Esther,252.45
O00554,11/26/2025,C0029,Kofi Mensah,Western,P005,Webcam,Accessories,4,226.25,Gifty,905
O00555,8/8/2025,C0159,Abena Adjei,Greater Accra,P004,Laptop Stand,Accessories,4,158.5,Henry,634
O00556,3/3/2025,C0041,Mabel Antwi,Volta,P007,27-Inch Monitor,Displays,1,2100.98,Esther,2100.98
O00557,3/12/2025,C0151,Mabel Tetteh,Ashanti,P006,24-Inch Monitor,Displays,3,1446.34,David,4339.02
O00558,5/29/2026,C0099,Kojo Antwi,Greater Accra,P016,External Ssd 1Tb,Storage,4,894.28,Akua,3577.12
O00559,10/24/2025,C0056,Priscilla Boateng,Greater Accra,P007,27-Inch Monitor,Displays,1,2123.02,Henry,2123.02
O00560,5/20/2026,C0175,Adwoa Agyeman,Northern,P010,Mini Pc,Computers,2,4611.65,Gifty,9223.3
O00561,8/14/2026,C0147,Linda Agyeman,Ashanti,P019,Ethernet Switch,Networking,2,663.41,David,1326.82
O00562,3/17/2026,C0031,Kofi Nyarko,Greater Accra,P016,External Ssd 1Tb,Storage,2,792.34,Bernard,1584.68
O00563,6/22/2025,C0011,Kojo Tetteh,Greater Accra,P011,Office Chair,Furniture,1,1274.14,Felix,1274.14
O00564,12/1/2026,C0142,Michael Asare,Greater Accra,P018,Wi-Fi Router,Networking,2,480.57,Cynthia,961.14
O00565,5/1/2026,C0004,Samuel Darko,Western,P018,Wi-Fi Router,Networking,4,521.38,Felix,2085.52
O00566,1/21/2026,C0177,Efua Agyeman,Ashanti,P005,Webcam,Accessories,2,228.88,Cynthia,457.76
O00567,7/2/2026,C0009,Adwoa Tetteh,Ashanti,P008,Office Laptop,Computers,1,6510.44,Esther,6510.44
O00568,1/29/2025,C0048,Yaw Osei,Greater Accra,P009,Performance Laptop,Computers,4,10454.26,Cynthia,41817.04
O00569,6/5/2026,C0106,Linda Quaye,Volta,P020,Ups,Power,2,913.32,Gifty,1826.64
O00570,5/29/2026,C0066,Kojo Tetteh,Volta,P001,Wireless Mouse,Accessories,1,101.58,David,101.58
O00571,7/6/2026,C0151,Mabel Tetteh,Ashanti,P008,Office Laptop,Computers,1,6216.09,Bernard,6216.09
O00572,2/24/2026,C0029,Kofi Mensah,Western,P018,Wi-Fi Router,Networking,5,557.33,Henry,2786.65
O00573,12/13/2025,C0043,Abena Quaye,Eastern,P014,Headset,Audio,3,311.81,Bernard,935.43
O00574,2/28/2026,C0141,Priscilla Tetteh,Central,P010,Mini Pc,Computers,1,4808.49,Bernard,4808.49
O00575,4/6/2025,C0060,Linda Nyarko,Ashanti,P010,Mini Pc,Computers,2,5078.87,Esther,10157.74
O00576,2/9/2025,C0024,Samuel Amankwah,Ashanti,P010,Mini Pc,Computers,1,5112.89,Akua,5112.89
O00577,11/16/2025,C0134,Daniel Addo,Western,P009,Performance Laptop,Computers,3,10053.5,Esther,30160.5
O00578,4/12/2025,C0126,Ama Antwi,Greater Accra,P010,Mini Pc,Computers,4,4489.52,Henry,17958.08
O00579,12/23/2025,C0040,Linda Antwi,Volta,P016,External Ssd 1Tb,Storage,4,906.59,Akua,3626.36
O00580,12/24/2025,C0152,Mabel Agyeman,Central,P008,Office Laptop,Computers,1,6566.01,Esther,6566.01
O00581,3/15/2025,C0010,Ama Adjei,Central,P015,Bluetooth Speaker,Audio,2,465.61,David,931.22
O00582,7/3/2026,C0084,Nana Appiah,Western,P002,Mechanical Keyboard,Accessories,1,278.48,David,278.48
O00583,3/26/2026,C0038,Kofi Owusu,Volta,P003,Usb-C Hub,Accessories,4,212.31,Felix,849.24
O00584,9/7/2026,C0096,Mabel Tetteh,Ashanti,P008,Office Laptop,Computers,1,5761.99,Gifty,5761.99
O00585,7/21/2026,C0147,Linda Agyeman,Ashanti,P011,Office Chair,Furniture,4,1317.09,David,5268.36
O00586,12/1/2026,C0075,Michael Antwi,Greater Accra,P020,Ups,Power,1,845.21,Cynthia,845.21
O00587,8/28/2026,C0067,Esi Quaye,Ashanti,P002,Mechanical Keyboard,Accessories,1,289.67,Felix,289.67
O00588,9/23/2025,C0127,Nana Boateng,Volta,P018,Wi-Fi Router,Networking,3,504.3,Henry,1512.9
O00589,2/19/2026,C0110,Samuel Appiah,Eastern,P004,Laptop Stand,Accessories,2,170.92,Esther,341.84
O00590,6/22/2026,C0120,Abena Nyarko,Ashanti,P010,Mini Pc,Computers,3,4454.31,Henry,13362.93
O00591,3/8/2025,C0042,Akosua Antwi,Northern,P007,27-Inch Monitor,Displays,2,2347.52,Cynthia,4695.04
O00592,3/8/2026,C0074,Adwoa Appiah,Ashanti,P017,Flash Drive 128Gb,Storage,2,153.75,Felix,307.5
O00593,8/25/2025,C0040,Linda Antwi,Volta,P020,Ups,Power,2,917,Cynthia,1834
O00594,10/2/2025,C0145,Efua Adjei,Ashanti,P016,External Ssd 1Tb,Storage,2,888.04,Akua,1776.08
O00595,4/25/2025,C0013,Abena Boateng,Ashanti,P010,Mini Pc,Computers,4,4813.99,Akua,19255.96
O00596,7/18/2025,C0124,Mabel Nyarko,Greater Accra,P008,Office Laptop,Computers,2,5821.27,Esther,11642.54
O00597,8/6/2025,C0096,Mabel Tetteh,Ashanti,P005,Webcam,Accessories,1,230.65,Henry,230.65
O00598,6/19/2025,C0167,Joseph Appiah,Greater Accra,P005,Webcam,Accessories,1,237.59,Henry,237.59
O00599,11/22/2025,C0073,Kwame Boateng,Greater Accra,P006,24-Inch Monitor,Displays,1,1528.07,David,1528.07
O00600,2/14/2026,C0027,Efua Appiah,Northern,P003,Usb-C Hub,Accessories,1,195.88,Felix,195.88
O00601,7/28/2025,C0085,Isaac Osei,Ashanti,P014,Headset,Audio,3,342.05,Cynthia,1026.15
O00602,5/15/2026,C0043,Abena Quaye,Eastern,P005,Webcam,Accessories,1,254.26,David,254.26
O00603,3/10/2025,C0029,Kofi Mensah,Western,P002,Mechanical Keyboard,Accessories,2,287.53,Esther,575.06
O00604,3/22/2026,C0046,Ama Antwi,Eastern,P006,24-Inch Monitor,Displays,2,1444.92,Cynthia,2889.84
O00605,4/29/2026,C0166,Nana Asare,Ashanti,P006,24-Inch Monitor,Displays,4,1364.75,Esther,5459
O00606,6/8/2026,C0070,Daniel Quaye,Eastern,P002,Mechanical Keyboard,Accessories,1,258.89,Esther,258.89
O00607,12/5/2026,C0121,Joseph Owusu,Ashanti,P007,27-Inch Monitor,Displays,2,2112.44,Felix,4224.88
O00608,11/10/2025,C0022,Priscilla Agyeman,Northern,P004,Laptop Stand,Accessories,1,164.75,Bernard,164.75
O00609,6/29/2025,C0069,Yaw Addo,Greater Accra,P001,Wireless Mouse,Accessories,3,88.77,David,266.31
O00610,1/25/2025,C0167,Joseph Appiah,Greater Accra,P017,Flash Drive 128Gb,Storage,1,138.56,Esther,138.56
O00611,6/15/2025,C0019,Esi Owusu,Ashanti,P018,Wi-Fi Router,Networking,2,478.6,David,957.2
O00612,9/7/2025,C0123,Akosua Agyeman,Central,P019,Ethernet Switch,Networking,1,689.59,Bernard,689.59
O00613,12/5/2025,C0042,Akosua Antwi,Northern,P006,24-Inch Monitor,Displays,4,1391.94,Felix,5567.76
O00614,12/21/2025,C0031,Kofi Nyarko,Greater Accra,P009,Performance Laptop,Computers,1,9162.05,Felix,9162.05
O00615,4/4/2025,C0026,Michael Boateng,Greater Accra,P011,Office Chair,Furniture,1,1239.28,Bernard,1239.28
O00616,7/21/2026,C0137,Grace Osei,Ashanti,P012,Standing Desk,Furniture,1,2440.02,Esther,2440.02
O00617,1/25/2025,C0107,Linda Antwi,Northern,P012,Standing Desk,Furniture,3,2532.66,Cynthia,7597.98
O00618,10/22/2025,C0162,Efua Antwi,Ashanti,P008,Office Laptop,Computers,1,6119.93,Esther,6119.93
O00619,4/5/2025,C0086,Priscilla Nyarko,Greater Accra,P009,Performance Laptop,Computers,2,9314.19,Esther,18628.38
O00620,4/7/2025,C0062,Abena Asare,Central,P010,Mini Pc,Computers,2,5049.28,Esther,10098.56
O00621,12/17/2025,C0119,Abena Nyarko,Central,P007,27-Inch Monitor,Displays,3,2308.68,Gifty,6926.04
O00622,7/30/2026,C0054,Isaac Asare,Central,P010,Mini Pc,Computers,1,5106.81,Akua,5106.81
O00623,9/7/2025,C0022,Priscilla Agyeman,Northern,P003,Usb-C Hub,Accessories,2,222.43,Akua,444.86
O00624,8/2/2025,C0160,Ama Addo,Western,P009,Performance Laptop,Computers,3,10089.17,Gifty,30267.51
O00625,3/15/2025,C0025,Kofi Asare,Volta,P018,Wi-Fi Router,Networking,2,508.19,Esther,1016.38
O00626,12/6/2025,C0041,Mabel Antwi,Volta,P010,Mini Pc,Computers,1,4475.02,Felix,4475.02
O00627,11/18/2025,C0172,Samuel Osei,Ashanti,P008,Office Laptop,Computers,1,6262.08,Felix,6262.08
O00628,3/31/2026,C0016,Nana Boateng,Ashanti,P008,Office Laptop,Computers,2,6351.02,Gifty,12702.04
O00629,1/29/2025,C0040,Linda Antwi,Volta,P001,Wireless Mouse,Accessories,1,100.89,Akua,100.89
O00630,7/24/2026,C0043,Abena Quaye,Eastern,P012,Standing Desk,Furniture,1,2569.11,Gifty,2569.11
O00631,10/24/2025,C0049,Grace Amankwah,Eastern,P018,Wi-Fi Router,Networking,2,547.22,Henry,1094.44
O00632,3/21/2026,C0176,Linda Adjei,Greater Accra,P014,Headset,Audio,2,304.48,Cynthia,608.96
O00633,10/18/2025,C0093,Efua Adjei,Western,P008,Office Laptop,Computers,1,6084.6,David,6084.6
O00634,12/9/2025,C0053,Grace Appiah,Western,P001,Wireless Mouse,Accessories,2,101.94,Gifty,203.88
O00635,7/31/2026,C0011,Kojo Tetteh,Greater Accra,P020,Ups,Power,1,953.04,Esther,953.04
O00636,5/2/2025,C0083,Priscilla Owusu,Ashanti,P017,Flash Drive 128Gb,Storage,2,154.25,Gifty,308.5
O00637,11/28/2025,C0163,Nana Addo,Greater Accra,P007,27-Inch Monitor,Displays,4,2355.73,David,9422.92
O00638,3/17/2026,C0055,Yaw Antwi,Volta,P003,Usb-C Hub,Accessories,3,222.22,Cynthia,666.66
O00639,2/12/2025,C0162,Efua Antwi,Ashanti,P008,Office Laptop,Computers,1,6209.11,Henry,6209.11
O00640,8/2/2025,C0161,Priscilla Darko,Western,P003,Usb-C Hub,Accessories,1,226.27,Esther,226.27
O00641,6/6/2026,C0165,Kwame Tetteh,Volta,P016,External Ssd 1Tb,Storage,3,849.96,Henry,2549.88
O00642,3/15/2025,C0064,Kojo Quaye,Central,P015,Bluetooth Speaker,Audio,5,472.52,Gifty,2362.6
O00643,9/7/2025,C0098,Esi Owusu,Ashanti,P014,Headset,Audio,2,303.4,Akua,606.8
O00644,1/29/2026,C0011,Kojo Tetteh,Greater Accra,P016,External Ssd 1Tb,Storage,1,850.53,David,850.53
O00645,12/20/2025,C0021,Kojo Quaye,Greater Accra,P009,Performance Laptop,Computers,2,9162.66,Esther,18325.32
O00646,4/28/2026,C0060,Linda Nyarko,Ashanti,P012,Standing Desk,Furniture,2,2682.98,David,5365.96
O00647,4/16/2025,C0128,Joseph Adjei,Greater Accra,P019,Ethernet Switch,Networking,2,712.23,David,1424.46
O00648,7/30/2026,C0032,Kofi Agyeman,Western,P010,Mini Pc,Computers,1,4994.63,Cynthia,4994.63
O00649,5/15/2025,C0035,Esi Nyarko,Northern,P002,Mechanical Keyboard,Accessories,2,280.3,Felix,560.6
O00650,6/19/2025,C0011,Kojo Tetteh,Greater Accra,P011,Office Chair,Furniture,4,1301.2,Bernard,5204.8
O00651,2/14/2025,C0105,Daniel Owusu,Eastern,P015,Bluetooth Speaker,Audio,1,423.19,Bernard,423.19
O00652,5/7/2026,C0142,Michael Asare,Greater Accra,P018,Wi-Fi Router,Networking,1,554.66,Henry,554.66
O00653,1/7/2025,C0132,Nana Asare,Eastern,P010,Mini Pc,Computers,3,5062.54,Felix,15187.62
O00654,3/9/2025,C0129,Yaw Asare,Greater Accra,P010,Mini Pc,Computers,2,4935.17,Akua,9870.34
O00655,10/10/2025,C0122,Efua Owusu,Eastern,P009,Performance Laptop,Computers,5,9183.13,Cynthia,45915.65
O00656,12/28/2025,C0073,Kwame Boateng,Greater Accra,P008,Office Laptop,Computers,2,6223.84,Akua,12447.68
O00657,10/2/2025,C0174,Samuel Amankwah,Northern,P004,Laptop Stand,Accessories,1,156.11,Bernard,156.11
O00658,3/27/2026,C0113,Nana Appiah,Greater Accra,P003,Usb-C Hub,Accessories,1,193.6,Esther,193.6
O00659,7/15/2026,C0134,Daniel Addo,Western,P011,Office Chair,Furniture,2,1233.46,Gifty,2466.92
O00660,8/23/2025,C0160,Ama Addo,Western,P004,Laptop Stand,Accessories,4,162.29,Henry,649.16
O00661,1/7/2025,C0119,Abena Nyarko,Central,P019,Ethernet Switch,Networking,1,645.96,Bernard,645.96
O00662,11/16/2025,C0164,Efua Nyarko,Greater Accra,P020,Ups,Power,4,935.46,Henry,3741.84
O00663,4/10/2025,C0120,Abena Nyarko,Ashanti,P016,External Ssd 1Tb,Storage,1,837.25,Cynthia,837.25
O00664,8/5/2026,C0173,Grace Owusu,Central,P005,Webcam,Accessories,1,227.33,Cynthia,227.33
O00665,6/19/2025,C0151,Mabel Tetteh,Ashanti,P010,Mini Pc,Computers,4,4961.87,Cynthia,19847.48
O00666,8/25/2025,C0089,Abena Osei,Central,P001,Wireless Mouse,Accessories,3,100.7,Esther,302.1
O00667,11/3/2025,C0176,Linda Adjei,Greater Accra,P010,Mini Pc,Computers,1,5114.03,Gifty,5114.03
O00668,6/22/2026,C0111,Daniel Osei,Greater Accra,P014,Headset,Audio,2,336.68,Bernard,673.36
O00669,1/19/2025,C0042,Akosua Antwi,Northern,P019,Ethernet Switch,Networking,4,652.27,Cynthia,2609.08
O00670,7/6/2025,C0127,Nana Boateng,Volta,P017,Flash Drive 128Gb,Storage,1,154.04,Felix,154.04
O00671,12/24/2025,C0014,Grace Agyeman,Western,P015,Bluetooth Speaker,Audio,1,482.63,Felix,482.63
O00672,4/29/2025,C0125,Yaw Agyeman,Greater Accra,P016,External Ssd 1Tb,Storage,2,845.04,Felix,1690.08
O00673,8/19/2025,C0103,Nana Quaye,Ashanti,P009,Performance Laptop,Computers,5,10337.86,Henry,51689.3
O00674,4/7/2025,C0070,Daniel Quaye,Eastern,P005,Webcam,Accessories,1,250.47,Bernard,250.47
O00675,12/26/2025,C0059,Akosua Owusu,Ashanti,P013,Desk Lamp,Furniture,2,184.4,Akua,368.8
O00676,10/3/2025,C0171,Linda Osei,Greater Accra,P006,24-Inch Monitor,Displays,1,1520.3,Bernard,1520.3
O00677,4/24/2025,C0159,Abena Adjei,Greater Accra,P002,Mechanical Keyboard,Accessories,3,296.96,Felix,890.88
O00678,7/2/2026,C0088,Kofi Owusu,Ashanti,P013,Desk Lamp,Furniture,1,184.72,Henry,184.72
O00679,10/25/2025,C0156,Kojo Agyeman,Western,P017,Flash Drive 128Gb,Storage,1,157.16,Akua,157.16
O00680,3/20/2025,C0145,Efua Adjei,Ashanti,P003,Usb-C Hub,Accessories,2,220.46,Felix,440.92
O00681,9/9/2025,C0080,Esi Adjei,Ashanti,P003,Usb-C Hub,Accessories,2,199.56,Gifty,399.12
O00682,11/7/2026,C0103,Nana Quaye,Ashanti,P006,24-Inch Monitor,Displays,1,1376.98,Esther,1376.98
O00683,9/3/2026,C0079,Nana Owusu,Central,P020,Ups,Power,1,923.84,David,923.84
O00684,9/21/2025,C0120,Abena Nyarko,Ashanti,P015,Bluetooth Speaker,Audio,2,429.3,Bernard,858.6
O00685,10/4/2026,C0078,Priscilla Asare,Eastern,P006,24-Inch Monitor,Displays,1,1336.27,Gifty,1336.27
O00686,3/14/2026,C0157,Efua Appiah,Western,P007,27-Inch Monitor,Displays,5,2177.26,Henry,10886.3
O00687,3/14/2026,C0119,Abena Nyarko,Central,P018,Wi-Fi Router,Networking,5,512.79,Henry,2563.95
O00688,3/1/2026,C0142,Michael Asare,Greater Accra,P001,Wireless Mouse,Accessories,1,89.94,Bernard,89.94
O00689,12/5/2026,C0082,Akosua Nyarko,Western,P016,External Ssd 1Tb,Storage,2,864.53,Felix,1729.06
O00690,9/17/2025,C0179,Ama Osei,Western,P018,Wi-Fi Router,Networking,4,537.34,Cynthia,2149.36
O00691,9/2/2026,C0131,Kojo Tetteh,Ashanti,P020,Ups,Power,1,860.76,Felix,860.76
O00692,6/23/2026,C0077,Kofi Boateng,Central,P009,Performance Laptop,Computers,1,10329.8,Henry,10329.8
O00693,5/18/2025,C0133,Kojo Darko,Northern,P011,Office Chair,Furniture,4,1182.46,Felix,4729.84
O00694,10/19/2025,C0121,Joseph Owusu,Ashanti,P002,Mechanical Keyboard,Accessories,3,277.17,Felix,831.51
O00695,6/14/2025,C0169,Kwame Owusu,Ashanti,P016,External Ssd 1Tb,Storage,2,890.49,Esther,1780.98
O00696,1/31/2025,C0102,Ama Quaye,Central,P008,Office Laptop,Computers,1,6237.09,David,6237.09
O00697,3/31/2026,C0053,Grace Appiah,Western,P018,Wi-Fi Router,Networking,3,494.14,Cynthia,1482.42
O00698,5/1/2026,C0083,Priscilla Owusu,Ashanti,P019,Ethernet Switch,Networking,2,633.32,Felix,1266.64
O00699,5/1/2025,C0079,Nana Owusu,Central,P020,Ups,Power,1,832.76,Akua,832.76
O00700,2/2/2025,C0090,Mabel Darko,Volta,P018,Wi-Fi Router,Networking,2,509.62,Felix,1019.24
O00701,1/28/2025,C0021,Kojo Quaye,Greater Accra,P003,Usb-C Hub,Accessories,1,216.75,Gifty,216.75
O00702,6/20/2026,C0158,Linda Osei,Central,P020,Ups,Power,2,878.34,Henry,1756.68
O00703,10/5/2025,C0157,Efua Appiah,Western,P008,Office Laptop,Computers,2,6507.36,Gifty,13014.72
O00704,12/5/2025,C0009,Adwoa Tetteh,Ashanti,P004,Laptop Stand,Accessories,4,161.49,Akua,645.96
O00705,7/13/2026,C0023,Kofi Adjei,Eastern,P019,Ethernet Switch,Networking,1,681.37,Cynthia,681.37
O00706,11/21/2025,C0171,Linda Osei,Greater Accra,P006,24-Inch Monitor,Displays,4,1477.24,David,5908.96
O00707,4/12/2025,C0084,Nana Appiah,Western,P003,Usb-C Hub,Accessories,2,216.57,Esther,433.14
O00708,6/23/2025,C0167,Joseph Appiah,Greater Accra,P007,27-Inch Monitor,Displays,1,2037.69,Esther,2037.69
O00709,8/17/2026,C0167,Joseph Appiah,Greater Accra,P006,24-Inch Monitor,Displays,1,1390.1,Esther,1390.1
O00710,3/6/2025,C0102,Ama Quaye,Central,P005,Webcam,Accessories,1,250.19,Esther,250.19
O00711,4/24/2025,C0162,Efua Antwi,Ashanti,P008,Office Laptop,Computers,1,6337.65,Felix,6337.65
O00712,3/6/2026,C0131,Kojo Tetteh,Ashanti,P008,Office Laptop,Computers,4,6050.84,Gifty,24203.36
O00713,12/1/2025,C0001,Grace Tetteh,Ashanti,P006,24-Inch Monitor,Displays,5,1430.02,Akua,7150.1
O00714,1/6/2025,C0120,Abena Nyarko,Ashanti,P018,Wi-Fi Router,Networking,2,513.22,Akua,1026.44
O00715,9/4/2025,C0176,Linda Adjei,Greater Accra,P018,Wi-Fi Router,Networking,1,510.41,Esther,510.41
O00716,1/31/2026,C0029,Kofi Mensah,Western,P013,Desk Lamp,Furniture,2,166.22,Bernard,332.44
O00717,4/6/2025,C0138,Joseph Darko,Greater Accra,P020,Ups,Power,4,959.55,Cynthia,3838.2
O00718,9/16/2025,C0090,Mabel Darko,Volta,P003,Usb-C Hub,Accessories,1,218.6,Cynthia,218.6
O00719,12/17/2025,C0140,Abena Antwi,Greater Accra,P009,Performance Laptop,Computers,1,10137.62,David,10137.62
O00720,7/14/2025,C0116,Yaw Antwi,Greater Accra,P006,24-Inch Monitor,Displays,1,1499.1,David,1499.1
O00721,2/14/2025,C0031,Kofi Nyarko,Greater Accra,P015,Bluetooth Speaker,Audio,1,445.56,David,445.56
O00722,6/8/2025,C0006,Adwoa Boateng,Eastern,P008,Office Laptop,Computers,1,6226.3,Bernard,6226.3
O00723,4/28/2025,C0047,Esi Quaye,Volta,P004,Laptop Stand,Accessories,1,150.23,David,150.23
O00724,5/19/2025,C0011,Kojo Tetteh,Greater Accra,P018,Wi-Fi Router,Networking,1,530.95,Esther,530.95
O00725,5/25/2025,C0033,Joseph Antwi,Ashanti,P006,24-Inch Monitor,Displays,1,1530.38,Esther,1530.38
O00726,3/2/2026,C0111,Daniel Osei,Greater Accra,P008,Office Laptop,Computers,2,6381.93,Cynthia,12763.86
O00727,10/20/2025,C0176,Linda Adjei,Greater Accra,P001,Wireless Mouse,Accessories,1,99.32,David,99.32
O00728,6/5/2025,C0169,Kwame Owusu,Ashanti,P008,Office Laptop,Computers,1,5761.01,Cynthia,5761.01
O00729,4/23/2026,C0033,Joseph Antwi,Ashanti,P003,Usb-C Hub,Accessories,1,201.28,Akua,201.28
O00730,5/4/2026,C0070,Daniel Quaye,Eastern,P015,Bluetooth Speaker,Audio,2,481.29,Esther,962.58
O00731,6/2/2025,C0123,Akosua Agyeman,Central,P006,24-Inch Monitor,Displays,1,1388.64,David,1388.64
O00732,4/9/2025,C0013,Abena Boateng,Ashanti,P008,Office Laptop,Computers,1,6347.67,Cynthia,6347.67
O00733,10/8/2025,C0114,Efua Adjei,Central,P019,Ethernet Switch,Networking,2,732.07,Henry,1464.14
O00734,7/13/2026,C0144,Kofi Quaye,Central,P014,Headset,Audio,4,329.69,David,1318.76
O00735,1/3/2025,C0010,Ama Adjei,Central,P017,Flash Drive 128Gb,Storage,2,145.03,Gifty,290.06
O00736,12/21/2025,C0097,Yaw Owusu,Greater Accra,P020,Ups,Power,2,960.81,Akua,1921.62
O00737,10/24/2025,C0162,Efua Antwi,Ashanti,P003,Usb-C Hub,Accessories,1,224.96,Felix,224.96
O00738,9/5/2025,C0036,Kofi Tetteh,Northern,P013,Desk Lamp,Furniture,1,171.93,David,171.93
O00739,8/12/2025,C0103,Nana Quaye,Ashanti,P001,Wireless Mouse,Accessories,2,94.4,David,188.8
O00740,5/6/2025,C0178,Linda Addo,Central,P003,Usb-C Hub,Accessories,1,219.96,Henry,219.96
O00741,3/18/2025,C0133,Kojo Darko,Northern,P002,Mechanical Keyboard,Accessories,4,295.34,Felix,1181.36
O00742,3/21/2026,C0024,Samuel Amankwah,Ashanti,P009,Performance Laptop,Computers,3,9792.95,Bernard,29378.85
O00743,9/24/2025,C0133,Kojo Darko,Northern,P016,External Ssd 1Tb,Storage,4,803.17,Henry,3212.68
O00744,1/2/2025,C0175,Adwoa Agyeman,Northern,P006,24-Inch Monitor,Displays,2,1344.57,David,2689.14
O00745,6/1/2026,C0122,Efua Owusu,Eastern,P003,Usb-C Hub,Accessories,1,212.31,Bernard,212.31
O00746,8/30/2026,C0097,Yaw Owusu,Greater Accra,P008,Office Laptop,Computers,1,5784.28,Gifty,5784.28
O00747,8/7/2025,C0133,Kojo Darko,Northern,P009,Performance Laptop,Computers,4,10247.83,Gifty,40991.32
O00748,11/11/2025,C0005,Daniel Addo,Northern,P009,Performance Laptop,Computers,3,9651.88,David,28955.64
O00749,12/3/2026,C0003,Kojo Adjei,Central,P004,Laptop Stand,Accessories,2,148.89,Gifty,297.78
O00750,11/6/2025,C0078,Priscilla Asare,Eastern,P014,Headset,Audio,1,331.68,Cynthia,331.68
O00751,9/11/2025,C0031,Kofi Nyarko,Greater Accra,P012,Standing Desk,Furniture,4,2490.34,Akua,9961.36
O00752,11/4/2025,C0024,Samuel Amankwah,Ashanti,P011,Office Chair,Furniture,1,1188.8,Bernard,1188.8
O00753,12/13/2025,C0127,Nana Boateng,Volta,P017,Flash Drive 128Gb,Storage,3,148.11,Felix,444.33
O00754,11/5/2025,C0033,Joseph Antwi,Ashanti,P011,Office Chair,Furniture,2,1317,Esther,2634
O00755,4/16/2026,C0046,Ama Antwi,Eastern,P010,Mini Pc,Computers,2,4882.74,Henry,9765.48
O00756,3/21/2025,C0075,Michael Antwi,Greater Accra,P004,Laptop Stand,Accessories,2,160.53,Akua,321.06
O00757,11/8/2025,C0086,Priscilla Nyarko,Greater Accra,P013,Desk Lamp,Furniture,3,193.68,Esther,581.04
O00758,3/9/2025,C0175,Adwoa Agyeman,Northern,P008,Office Laptop,Computers,2,6289.09,Felix,12578.18
O00759,8/31/2026,C0051,Kofi Appiah,Greater Accra,P008,Office Laptop,Computers,2,5837.88,Cynthia,11675.76
O00760,4/28/2025,C0164,Efua Nyarko,Greater Accra,P013,Desk Lamp,Furniture,1,186.79,David,186.79
O00761,3/13/2025,C0102,Ama Quaye,Central,P005,Webcam,Accessories,1,250.46,Akua,250.46
O00762,8/6/2025,C0040,Linda Antwi,Volta,P014,Headset,Audio,4,321.89,Bernard,1287.56
O00763,5/16/2026,C0094,Kwame Antwi,Ashanti,P007,27-Inch Monitor,Displays,1,2350.53,Esther,2350.53
O00764,2/5/2026,C0024,Samuel Amankwah,Ashanti,P008,Office Laptop,Computers,1,6419.74,Bernard,6419.74
O00765,7/6/2025,C0093,Efua Adjei,Western,P018,Wi-Fi Router,Networking,1,509.57,Gifty,509.57
O00766,6/14/2026,C0085,Isaac Osei,Ashanti,P007,27-Inch Monitor,Displays,3,2280.55,Akua,6841.65
O00767,2/7/2025,C0012,Adwoa Quaye,Ashanti,P006,24-Inch Monitor,Displays,2,1501.13,Bernard,3002.26
O00768,11/18/2025,C0025,Kofi Asare,Volta,P002,Mechanical Keyboard,Accessories,2,293.96,Akua,587.92
O00769,5/15/2026,C0005,Daniel Addo,Northern,P010,Mini Pc,Computers,1,4701.79,Cynthia,4701.79
O00770,9/10/2025,C0065,Linda Nyarko,Western,P007,27-Inch Monitor,Displays,2,2245.71,Gifty,4491.42
O00771,5/27/2026,C0177,Efua Agyeman,Ashanti,P007,27-Inch Monitor,Displays,1,2106.4,Cynthia,2106.4
O00772,4/4/2026,C0116,Yaw Antwi,Greater Accra,P018,Wi-Fi Router,Networking,1,509.45,Esther,509.45
O00773,11/25/2025,C0017,Priscilla Tetteh,Greater Accra,P007,27-Inch Monitor,Displays,3,2331.95,David,6995.85
O00774,4/17/2025,C0170,Akosua Nyarko,Greater Accra,P010,Mini Pc,Computers,2,4657.51,Esther,9315.02
O00775,11/2/2026,C0068,Linda Osei,Greater Accra,P007,27-Inch Monitor,Displays,1,2196.57,Akua,2196.57
O00776,2/24/2026,C0010,Ama Adjei,Central,P004,Laptop Stand,Accessories,2,160.61,David,321.22
O00777,2/23/2025,C0064,Kojo Quaye,Central,P010,Mini Pc,Computers,3,4476.06,Cynthia,13428.18
O00778,10/25/2025,C0050,Abena Tetteh,Northern,P010,Mini Pc,Computers,3,4645.22,Esther,13935.66
O00779,2/4/2026,C0105,Daniel Owusu,Eastern,P001,Wireless Mouse,Accessories,3,97.87,Esther,293.61
O00780,9/21/2025,C0087,Michael Darko,Ashanti,P010,Mini Pc,Computers,2,4983.34,Felix,9966.68
O00781,8/6/2026,C0037,Esi Appiah,Greater Accra,P010,Mini Pc,Computers,1,4647.07,Akua,4647.07
O00782,5/29/2026,C0011,Kojo Tetteh,Greater Accra,P013,Desk Lamp,Furniture,3,168.99,Akua,506.97
O00783,9/15/2025,C0151,Mabel Tetteh,Ashanti,P005,Webcam,Accessories,1,225,Cynthia,225
O00784,1/17/2025,C0165,Kwame Tetteh,Volta,P005,Webcam,Accessories,2,233.66,Gifty,467.32
O00785,9/24/2025,C0040,Linda Antwi,Volta,P011,Office Chair,Furniture,1,1156.17,Esther,1156.17
O00786,12/3/2025,C0068,Linda Osei,Greater Accra,P020,Ups,Power,4,842.14,Akua,3368.56
O00787,1/4/2025,C0073,Kwame Boateng,Greater Accra,P002,Mechanical Keyboard,Accessories,3,270.74,Bernard,812.22
O00788,11/30/2025,C0116,Yaw Antwi,Greater Accra,P003,Usb-C Hub,Accessories,1,225.43,Henry,225.43
O00789,7/9/2025,C0050,Abena Tetteh,Northern,P017,Flash Drive 128Gb,Storage,1,140.77,Felix,140.77
O00790,6/7/2026,C0108,Kofi Boateng,Greater Accra,P014,Headset,Audio,4,308.94,Gifty,1235.76
O00791,12/5/2025,C0075,Michael Antwi,Greater Accra,P010,Mini Pc,Computers,1,4881.87,Akua,4881.87
O00792,2/17/2026,C0082,Akosua Nyarko,Western,P006,24-Inch Monitor,Displays,1,1443,Esther,1443
O00793,6/21/2025,C0088,Kofi Owusu,Ashanti,P008,Office Laptop,Computers,1,6135.03,Esther,6135.03
O00794,5/26/2026,C0152,Mabel Agyeman,Central,P002,Mechanical Keyboard,Accessories,1,296.7,Henry,296.7
O00795,12/24/2025,C0180,Linda Tetteh,Greater Accra,P001,Wireless Mouse,Accessories,1,88.72,Cynthia,88.72
O00796,2/21/2025,C0164,Efua Nyarko,Greater Accra,P007,27-Inch Monitor,Displays,1,2126.79,Bernard,2126.79
O00797,7/3/2025,C0039,Kojo Asare,Ashanti,P001,Wireless Mouse,Accessories,1,93.41,David,93.41
O00798,5/17/2026,C0157,Efua Appiah,Western,P014,Headset,Audio,1,294.87,Akua,294.87
O00799,8/8/2025,C0161,Priscilla Darko,Western,P009,Performance Laptop,Computers,1,10024.47,Henry,10024.47
O00800,6/2/2026,C0040,Linda Antwi,Volta,P010,Mini Pc,Computers,3,4974.32,Felix,14922.96
O00801,9/28/2025,C0160,Ama Addo,Western,P008,Office Laptop,Computers,2,6164.89,Gifty,12329.78
O00802,7/17/2026,C0114,Efua Adjei,Central,P007,27-Inch Monitor,Displays,3,2048.67,Henry,6146.01
O00803,10/6/2025,C0131,Kojo Tetteh,Ashanti,P003,Usb-C Hub,Accessories,2,201.09,Henry,402.18
O00804,11/3/2026,C0019,Esi Owusu,Ashanti,P006,24-Inch Monitor,Displays,1,1389.54,Esther,1389.54
O00805,11/4/2026,C0073,Kwame Boateng,Greater Accra,P006,24-Inch Monitor,Displays,2,1373.87,Felix,2747.74
O00806,8/20/2025,C0005,Daniel Addo,Northern,P020,Ups,Power,4,895.06,Felix,3580.24
O00807,7/18/2026,C0062,Abena Asare,Central,P017,Flash Drive 128Gb,Storage,1,156.57,Akua,156.57
O00808,8/26/2026,C0061,Kojo Adjei,Greater Accra,P013,Desk Lamp,Furniture,1,193.68,Cynthia,193.68
O00809,3/6/2025,C0008,Adwoa Addo,Greater Accra,P001,Wireless Mouse,Accessories,1,99.91,Akua,99.91
O00810,5/18/2026,C0038,Kofi Owusu,Volta,P005,Webcam,Accessories,2,232.29,Henry,464.58
O00811,2/14/2026,C0002,Efua Nyarko,Greater Accra,P003,Usb-C Hub,Accessories,1,212.79,Esther,212.79
O00812,4/6/2025,C0079,Nana Owusu,Central,P015,Bluetooth Speaker,Audio,1,419.57,Akua,419.57
O00813,1/12/2025,C0046,Ama Antwi,Eastern,P005,Webcam,Accessories,4,225.39,Felix,901.56
O00814,6/5/2026,C0056,Priscilla Boateng,Greater Accra,P008,Office Laptop,Computers,1,6000.94,Henry,6000.94
O00815,5/30/2026,C0021,Kojo Quaye,Greater Accra,P007,27-Inch Monitor,Displays,2,2227.34,Felix,4454.68
O00816,8/20/2026,C0040,Linda Antwi,Volta,P014,Headset,Audio,1,306.87,Henry,306.87
O00817,5/18/2026,C0021,Kojo Quaye,Greater Accra,P014,Headset,Audio,1,320.33,Cynthia,320.33
O00818,4/27/2025,C0046,Ama Antwi,Eastern,P001,Wireless Mouse,Accessories,3,92.84,Felix,278.52
O00819,9/29/2025,C0144,Kofi Quaye,Central,P013,Desk Lamp,Furniture,1,173.83,Henry,173.83
O00820,2/2/2026,C0033,Joseph Antwi,Ashanti,P015,Bluetooth Speaker,Audio,1,485.78,Bernard,485.78
O00821,11/18/2025,C0093,Efua Adjei,Western,P002,Mechanical Keyboard,Accessories,4,260.46,Bernard,1041.84
O00822,3/31/2026,C0001,Grace Tetteh,Ashanti,P013,Desk Lamp,Furniture,1,192.96,Henry,192.96
O00823,9/9/2025,C0012,Adwoa Quaye,Ashanti,P006,24-Inch Monitor,Displays,2,1414.88,Cynthia,2829.76
O00824,6/10/2025,C0032,Kofi Agyeman,Western,P006,24-Inch Monitor,Displays,1,1497.09,Gifty,1497.09
O00825,2/8/2026,C0139,Michael Osei,Eastern,P001,Wireless Mouse,Accessories,1,101.85,Gifty,101.85
O00826,1/27/2025,C0018,Kojo Osei,Central,P014,Headset,Audio,3,322.23,Cynthia,966.69
O00827,1/2/2026,C0074,Adwoa Appiah,Ashanti,P012,Standing Desk,Furniture,2,2555.77,David,5111.54
O00828,2/5/2026,C0022,Priscilla Agyeman,Northern,P018,Wi-Fi Router,Networking,2,490.2,Cynthia,980.4
O00829,6/28/2025,C0134,Daniel Addo,Western,P001,Wireless Mouse,Accessories,2,100.23,Gifty,200.46
O00830,2/19/2025,C0045,Kofi Mensah,Northern,P010,Mini Pc,Computers,1,4973.24,Gifty,4973.24
O00831,5/21/2026,C0039,Kojo Asare,Ashanti,P010,Mini Pc,Computers,1,4665.97,Akua,4665.97
O00832,8/24/2025,C0121,Joseph Owusu,Ashanti,P020,Ups,Power,4,854.1,Gifty,3416.4
O00833,8/26/2026,C0051,Kofi Appiah,Greater Accra,P010,Mini Pc,Computers,1,4539.29,Henry,4539.29
O00834,3/18/2026,C0123,Akosua Agyeman,Central,P004,Laptop Stand,Accessories,1,167.95,Akua,167.95
O00835,8/26/2026,C0078,Priscilla Asare,Eastern,P005,Webcam,Accessories,4,250.13,Henry,1000.52
O00836,2/1/2026,C0163,Nana Addo,Greater Accra,P004,Laptop Stand,Accessories,1,152.83,Bernard,152.83
O00837,3/15/2026,C0155,Daniel Addo,Ashanti,P018,Wi-Fi Router,Networking,1,535.12,Cynthia,535.12
O00838,3/5/2025,C0156,Kojo Agyeman,Western,P003,Usb-C Hub,Accessories,2,200.77,Henry,401.54
O00839,1/5/2026,C0036,Kofi Tetteh,Northern,P020,Ups,Power,1,909.27,Cynthia,909.27
O00840,12/18/2025,C0133,Kojo Darko,Northern,P003,Usb-C Hub,Accessories,2,202.79,Akua,405.58
O00841,3/2/2025,C0016,Nana Boateng,Ashanti,P010,Mini Pc,Computers,1,4739.01,Gifty,4739.01
O00842,10/10/2025,C0178,Linda Addo,Central,P008,Office Laptop,Computers,5,5925.76,Henry,29628.8
O00843,10/26/2025,C0089,Abena Osei,Central,P011,Office Chair,Furniture,1,1206.74,Bernard,1206.74
O00844,7/23/2026,C0004,Samuel Darko,Western,P020,Ups,Power,1,966.92,Akua,966.92
O00845,12/18/2025,C0127,Nana Boateng,Volta,P020,Ups,Power,1,865.57,Gifty,865.57
O00846,11/12/2025,C0121,Joseph Owusu,Ashanti,P008,Office Laptop,Computers,3,5921.43,Henry,17764.29
O00847,11/29/2025,C0087,Michael Darko,Ashanti,P010,Mini Pc,Computers,1,4674.44,David,4674.44
O00848,6/8/2026,C0166,Nana Asare,Ashanti,P006,24-Inch Monitor,Displays,1,1486.03,Gifty,1486.03
O00849,4/7/2025,C0100,Mabel Asare,Ashanti,P009,Performance Laptop,Computers,1,9858.14,Gifty,9858.14
O00850,8/2/2026,C0057,Joseph Osei,Eastern,P015,Bluetooth Speaker,Audio,1,426.16,Akua,426.16
O00851,12/5/2025,C0138,Joseph Darko,Greater Accra,P015,Bluetooth Speaker,Audio,1,480.59,Esther,480.59
O00852,6/27/2026,C0016,Nana Boateng,Ashanti,P017,Flash Drive 128Gb,Storage,1,145.37,Esther,145.37
O00853,12/8/2025,C0151,Mabel Tetteh,Ashanti,P009,Performance Laptop,Computers,4,9319.07,Akua,37276.28
O00854,11/6/2026,C0154,Priscilla Mensah,Ashanti,P006,24-Inch Monitor,Displays,1,1488.28,Akua,1488.28
O00855,5/9/2025,C0010,Ama Adjei,Central,P016,External Ssd 1Tb,Storage,1,913.7,Akua,913.7
O00856,1/16/2025,C0128,Joseph Adjei,Greater Accra,P012,Standing Desk,Furniture,3,2701.2,Akua,8103.6
O00857,12/24/2025,C0174,Samuel Amankwah,Northern,P011,Office Chair,Furniture,1,1337.85,Cynthia,1337.85
O00858,5/3/2026,C0101,Abena Agyeman,Eastern,P013,Desk Lamp,Furniture,1,171.37,David,171.37
O00859,5/30/2026,C0085,Isaac Osei,Ashanti,P009,Performance Laptop,Computers,1,9604.39,Akua,9604.39
O00860,8/23/2025,C0049,Grace Amankwah,Eastern,P013,Desk Lamp,Furniture,1,170,Esther,170
O00861,12/7/2026,C0095,Linda Antwi,Northern,P014,Headset,Audio,1,296.21,Felix,296.21
O00862,6/28/2026,C0050,Abena Tetteh,Northern,P007,27-Inch Monitor,Displays,2,2071.8,Cynthia,4143.6
O00863,7/16/2025,C0118,Esi Boateng,Western,P010,Mini Pc,Computers,2,4547.08,Cynthia,9094.16
O00864,4/23/2026,C0141,Priscilla Tetteh,Central,P001,Wireless Mouse,Accessories,1,92.27,Cynthia,92.27
O00865,2/11/2025,C0172,Samuel Osei,Ashanti,P007,27-Inch Monitor,Displays,3,2076.29,Esther,6228.87
O00866,12/8/2025,C0157,Efua Appiah,Western,P009,Performance Laptop,Computers,2,10531.46,Henry,21062.92
O00867,6/13/2025,C0165,Kwame Tetteh,Volta,P006,24-Inch Monitor,Displays,1,1345.63,Cynthia,1345.63
O00868,3/5/2026,C0033,Joseph Antwi,Ashanti,P010,Mini Pc,Computers,1,4424.37,Henry,4424.37
O00869,11/5/2025,C0023,Kofi Adjei,Eastern,P004,Laptop Stand,Accessories,2,148.66,Henry,297.32
O00870,7/15/2025,C0080,Esi Adjei,Ashanti,P010,Mini Pc,Computers,2,4768.44,Felix,9536.88
O00871,5/5/2025,C0035,Esi Nyarko,Northern,P018,Wi-Fi Router,Networking,2,513.05,Gifty,1026.1
O00872,8/14/2026,C0108,Kofi Boateng,Greater Accra,P016,External Ssd 1Tb,Storage,1,797.96,David,797.96
O00873,4/16/2025,C0130,Ama Tetteh,Greater Accra,P009,Performance Laptop,Computers,3,9876.11,David,29628.33
O00874,11/19/2025,C0095,Linda Antwi,Northern,P006,24-Inch Monitor,Displays,3,1423.76,Bernard,4271.28
O00875,4/8/2025,C0015,Adwoa Adjei,Western,P013,Desk Lamp,Furniture,1,168.44,Gifty,168.44
O00876,1/25/2026,C0154,Priscilla Mensah,Ashanti,P001,Wireless Mouse,Accessories,1,102.3,Bernard,102.3
O00877,11/1/2026,C0017,Priscilla Tetteh,Greater Accra,P015,Bluetooth Speaker,Audio,1,430.23,Gifty,430.23
O00878,5/17/2025,C0096,Mabel Tetteh,Ashanti,P002,Mechanical Keyboard,Accessories,1,297.44,Akua,297.44
O00879,12/21/2025,C0064,Kojo Quaye,Central,P013,Desk Lamp,Furniture,2,178.14,Felix,356.28
O00880,4/19/2025,C0150,Samuel Darko,Central,P013,Desk Lamp,Furniture,1,185.67,Bernard,185.67
O00881,12/1/2026,C0067,Esi Quaye,Ashanti,P015,Bluetooth Speaker,Audio,2,436.67,Henry,873.34
O00882,4/19/2026,C0137,Grace Osei,Ashanti,P012,Standing Desk,Furniture,4,2642.42,Akua,10569.68
O00883,11/1/2026,C0081,Samuel Osei,Central,P017,Flash Drive 128Gb,Storage,1,138.21,Akua,138.21
O00884,3/5/2026,C0085,Isaac Osei,Ashanti,P013,Desk Lamp,Furniture,1,174.76,Esther,174.76
O00885,12/15/2025,C0067,Esi Quaye,Ashanti,P020,Ups,Power,5,866.39,Esther,4331.95
O00886,2/11/2025,C0107,Linda Antwi,Northern,P008,Office Laptop,Computers,4,6631.93,Gifty,26527.72
O00887,10/1/2026,C0118,Esi Boateng,Western,P017,Flash Drive 128Gb,Storage,1,155.58,Felix,155.58
O00888,12/17/2025,C0085,Isaac Osei,Ashanti,P004,Laptop Stand,Accessories,2,162.75,Henry,325.5
O00889,11/3/2026,C0148,Daniel Boateng,Eastern,P015,Bluetooth Speaker,Audio,3,451.44,Esther,1354.32
O00890,4/16/2026,C0023,Kofi Adjei,Eastern,P009,Performance Laptop,Computers,1,9235.86,David,9235.86
O00891,2/5/2025,C0053,Grace Appiah,Western,P010,Mini Pc,Computers,1,4935.87,Henry,4935.87
O00892,9/13/2025,C0037,Esi Appiah,Greater Accra,P003,Usb-C Hub,Accessories,2,199.38,Gifty,398.76
O00893,1/31/2026,C0083,Priscilla Owusu,Ashanti,P010,Mini Pc,Computers,1,4968.44,Esther,4968.44
O00894,3/17/2026,C0124,Mabel Nyarko,Greater Accra,P017,Flash Drive 128Gb,Storage,2,143.39,Cynthia,286.78
O00895,7/18/2025,C0119,Abena Nyarko,Central,P001,Wireless Mouse,Accessories,1,96.14,Akua,96.14
O00896,1/20/2025,C0003,Kojo Adjei,Central,P010,Mini Pc,Computers,5,4950.23,Akua,24751.15
O00897,7/30/2026,C0179,Ama Osei,Western,P004,Laptop Stand,Accessories,3,168.71,Akua,506.13
O00898,10/23/2025,C0132,Nana Asare,Eastern,P013,Desk Lamp,Furniture,1,167.78,Felix,167.78
O00899,8/17/2025,C0040,Linda Antwi,Volta,P017,Flash Drive 128Gb,Storage,2,153.37,Akua,306.74
O00900,3/6/2025,C0040,Linda Antwi,Volta,P002,Mechanical Keyboard,Accessories,2,299.01,Felix,598.02
O00901,6/23/2025,C0040,Linda Antwi,Volta,P017,Flash Drive 128Gb,Storage,2,149.52,Esther,299.04
O00902,8/15/2026,C0091,Adwoa Antwi,Eastern,P015,Bluetooth Speaker,Audio,4,468.92,Esther,1875.68
O00903,8/4/2026,C0001,Grace Tetteh,Ashanti,P020,Ups,Power,1,893.18,David,893.18
O00904,2/9/2025,C0008,Adwoa Addo,Greater Accra,P006,24-Inch Monitor,Displays,1,1392,David,1392
O00905,4/29/2026,C0048,Yaw Osei,Greater Accra,P014,Headset,Audio,3,319.79,David,959.37
O00906,8/8/2026,C0046,Ama Antwi,Eastern,P014,Headset,Audio,3,317.01,David,951.03
O00907,7/27/2026,C0091,Adwoa Antwi,Eastern,P001,Wireless Mouse,Accessories,1,98.91,Gifty,98.91
O00908,1/17/2025,C0071,Priscilla Asare,Western,P011,Office Chair,Furniture,3,1342.02,David,4026.06
O00909,2/23/2025,C0088,Kofi Owusu,Ashanti,P007,27-Inch Monitor,Displays,1,2306.01,Akua,2306.01
O00910,5/1/2026,C0138,Joseph Darko,Greater Accra,P007,27-Inch Monitor,Displays,1,2266.67,Akua,2266.67
O00911,6/11/2025,C0120,Abena Nyarko,Ashanti,P007,27-Inch Monitor,Displays,4,2314.6,Gifty,9258.4
O00912,2/19/2026,C0120,Abena Nyarko,Ashanti,P012,Standing Desk,Furniture,1,2756.07,Gifty,2756.07
O00913,5/8/2026,C0060,Linda Nyarko,Ashanti,P008,Office Laptop,Computers,1,6691.71,Felix,6691.71
O00914,12/8/2025,C0148,Daniel Boateng,Eastern,P007,27-Inch Monitor,Displays,1,2273.41,Henry,2273.41
O00915,3/8/2026,C0113,Nana Appiah,Greater Accra,P009,Performance Laptop,Computers,2,9588.79,Esther,19177.58
O00916,5/16/2026,C0077,Kofi Boateng,Central,P011,Office Chair,Furniture,1,1153.4,Cynthia,1153.4
O00917,1/30/2025,C0092,Daniel Tetteh,Ashanti,P018,Wi-Fi Router,Networking,1,550.11,Felix,550.11
O00918,11/30/2025,C0098,Esi Owusu,Ashanti,P006,24-Inch Monitor,Displays,1,1539.29,Cynthia,1539.29
O00919,5/3/2025,C0168,Yaw Tetteh,Greater Accra,P009,Performance Laptop,Computers,3,9238.91,Cynthia,27716.73
O00920,4/15/2026,C0080,Esi Adjei,Ashanti,P007,27-Inch Monitor,Displays,5,2107.44,Felix,10537.2
O00921,3/19/2026,C0130,Ama Tetteh,Greater Accra,P020,Ups,Power,3,899.99,Akua,2699.97
O00922,6/1/2026,C0169,Kwame Owusu,Ashanti,P010,Mini Pc,Computers,3,4915.37,Esther,14746.11
O00923,7/8/2025,C0093,Efua Adjei,Western,P005,Webcam,Accessories,2,253.49,David,506.98
O00924,11/8/2025,C0011,Kojo Tetteh,Greater Accra,P010,Mini Pc,Computers,1,4472.37,Felix,4472.37
O00925,6/18/2026,C0063,Efua Agyeman,Greater Accra,P014,Headset,Audio,2,345.32,Bernard,690.64
O00926,3/29/2026,C0172,Samuel Osei,Ashanti,P015,Bluetooth Speaker,Audio,2,470.05,Gifty,940.1
O00927,2/6/2026,C0176,Linda Adjei,Greater Accra,P009,Performance Laptop,Computers,1,9275.71,Felix,9275.71
O00928,10/2/2026,C0119,Abena Nyarko,Central,P012,Standing Desk,Furniture,2,2661.17,Esther,5322.34
O00929,9/5/2026,C0076,Abena Tetteh,Northern,P014,Headset,Audio,1,301.03,Henry,301.03
O00930,4/8/2026,C0093,Efua Adjei,Western,P012,Standing Desk,Furniture,4,2760.96,Cynthia,11043.84
O00931,5/9/2025,C0091,Adwoa Antwi,Eastern,P009,Performance Laptop,Computers,1,9937.2,Esther,9937.2
O00932,9/25/2025,C0178,Linda Addo,Central,P003,Usb-C Hub,Accessories,1,195.85,Akua,195.85
O00933,7/31/2025,C0145,Efua Adjei,Ashanti,P002,Mechanical Keyboard,Accessories,1,257.9,Henry,257.9
O00934,2/19/2026,C0077,Kofi Boateng,Central,P012,Standing Desk,Furniture,1,2533.29,Henry,2533.29
O00935,7/26/2025,C0051,Kofi Appiah,Greater Accra,P012,Standing Desk,Furniture,2,2754.9,Akua,5509.8
O00936,2/5/2025,C0071,Priscilla Asare,Western,P005,Webcam,Accessories,1,243.41,Cynthia,243.41
O00937,9/5/2026,C0063,Efua Agyeman,Greater Accra,P007,27-Inch Monitor,Displays,1,2288.07,Cynthia,2288.07
O00938,9/2/2025,C0133,Kojo Darko,Northern,P013,Desk Lamp,Furniture,1,177.71,David,177.71
O00939,3/26/2026,C0145,Efua Adjei,Ashanti,P019,Ethernet Switch,Networking,1,679.22,Esther,679.22
O00940,11/1/2025,C0078,Priscilla Asare,Eastern,P014,Headset,Audio,1,321.34,David,321.34
O00941,8/1/2026,C0058,Adwoa Adjei,Eastern,P011,Office Chair,Furniture,2,1195.28,Henry,2390.56
O00942,2/2/2026,C0001,Grace Tetteh,Ashanti,P016,External Ssd 1Tb,Storage,1,874.45,Cynthia,874.45
O00943,4/28/2025,C0034,Ama Osei,Greater Accra,P010,Mini Pc,Computers,1,4919.22,Esther,4919.22
O00944,9/8/2026,C0177,Efua Agyeman,Ashanti,P004,Laptop Stand,Accessories,1,149.37,Esther,149.37
O00945,4/19/2026,C0115,Daniel Quaye,Northern,P002,Mechanical Keyboard,Accessories,3,266.07,Felix,798.21
O00946,7/10/2025,C0043,Abena Quaye,Eastern,P001,Wireless Mouse,Accessories,1,95.23,Akua,95.23
O00947,6/30/2026,C0047,Esi Quaye,Volta,P005,Webcam,Accessories,2,240.99,David,481.98
O00948,8/13/2026,C0038,Kofi Owusu,Volta,P020,Ups,Power,1,924.99,Bernard,924.99
O00949,9/8/2025,C0071,Priscilla Asare,Western,P002,Mechanical Keyboard,Accessories,1,280.68,Henry,280.68
O00950,7/12/2025,C0130,Ama Tetteh,Greater Accra,P020,Ups,Power,2,917.23,Henry,1834.46
O00951,8/4/2026,C0178,Linda Addo,Central,P005,Webcam,Accessories,4,257.03,Cynthia,1028.12
O00952,9/10/2025,C0058,Adwoa Adjei,Eastern,P007,27-Inch Monitor,Displays,5,2123.85,Bernard,10619.25
O00953,2/1/2025,C0073,Kwame Boateng,Greater Accra,P016,External Ssd 1Tb,Storage,1,906.3,Felix,906.3
O00954,3/24/2025,C0108,Kofi Boateng,Greater Accra,P005,Webcam,Accessories,1,221.34,Gifty,221.34
O00955,7/8/2026,C0144,Kofi Quaye,Central,P011,Office Chair,Furniture,1,1307.95,Cynthia,1307.95
O00956,10/5/2025,C0060,Linda Nyarko,Ashanti,P006,24-Inch Monitor,Displays,1,1538.54,Felix,1538.54
O00957,4/18/2026,C0092,Daniel Tetteh,Ashanti,P008,Office Laptop,Computers,2,5899.03,Felix,11798.06
O00958,10/4/2026,C0143,Efua Mensah,Western,P013,Desk Lamp,Furniture,1,191.86,Gifty,191.86
O00959,5/27/2026,C0125,Yaw Agyeman,Greater Accra,P010,Mini Pc,Computers,1,4790.86,Esther,4790.86
O00960,2/13/2025,C0035,Esi Nyarko,Northern,P006,24-Inch Monitor,Displays,2,1471.13,Cynthia,2942.26
O00961,8/15/2025,C0172,Samuel Osei,Ashanti,P007,27-Inch Monitor,Displays,2,2194.88,David,4389.76
O00962,2/21/2025,C0097,Yaw Owusu,Greater Accra,P015,Bluetooth Speaker,Audio,1,448.63,Felix,448.63
O00963,3/1/2025,C0106,Linda Quaye,Volta,P001,Wireless Mouse,Accessories,1,92.41,Henry,92.41
O00964,7/30/2025,C0096,Mabel Tetteh,Ashanti,P001,Wireless Mouse,Accessories,1,94.09,Esther,94.09
O00965,7/4/2025,C0058,Adwoa Adjei,Eastern,P016,External Ssd 1Tb,Storage,1,791.8,Akua,791.8
O00966,1/5/2026,C0162,Efua Antwi,Ashanti,P010,Mini Pc,Computers,2,4687.32,David,9374.64
O00967,3/15/2025,C0023,Kofi Adjei,Eastern,P015,Bluetooth Speaker,Audio,1,453.29,Felix,453.29
O00968,6/9/2025,C0074,Adwoa Appiah,Ashanti,P001,Wireless Mouse,Accessories,1,98,Gifty,98
O00969,5/11/2025,C0002,Efua Nyarko,Greater Accra,P006,24-Inch Monitor,Displays,1,1501.1,Akua,1501.1
O00970,5/2/2026,C0059,Akosua Owusu,Ashanti,P019,Ethernet Switch,Networking,1,627.9,Akua,627.9
O00971,8/3/2025,C0122,Efua Owusu,Eastern,P017,Flash Drive 128Gb,Storage,1,149.95,Felix,149.95
O00972,6/1/2026,C0005,Daniel Addo,Northern,P013,Desk Lamp,Furniture,1,184.32,Gifty,184.32
O00973,10/6/2026,C0111,Daniel Osei,Greater Accra,P008,Office Laptop,Computers,1,5770.21,Felix,5770.21
O00974,7/13/2026,C0155,Daniel Addo,Ashanti,P011,Office Chair,Furniture,1,1222.66,Cynthia,1222.66
O00975,1/4/2026,C0114,Efua Adjei,Central,P004,Laptop Stand,Accessories,3,155.51,Akua,466.53
O00976,12/27/2025,C0020,Abena Darko,Ashanti,P013,Desk Lamp,Furniture,1,181.59,Felix,181.59
O00977,9/3/2025,C0006,Adwoa Boateng,Eastern,P001,Wireless Mouse,Accessories,1,97.49,Bernard,97.49
O00978,4/7/2026,C0137,Grace Osei,Ashanti,P007,27-Inch Monitor,Displays,2,2294.59,Gifty,4589.18
O00979,4/17/2026,C0085,Isaac Osei,Ashanti,P015,Bluetooth Speaker,Audio,1,476.91,Akua,476.91
O00980,12/15/2025,C0091,Adwoa Antwi,Eastern,P011,Office Chair,Furniture,2,1278.46,David,2556.92
O00981,8/17/2026,C0011,Kojo Tetteh,Greater Accra,P007,27-Inch Monitor,Displays,1,2154.38,Esther,2154.38
O00982,1/28/2025,C0135,Adwoa Adjei,Ashanti,P002,Mechanical Keyboard,Accessories,2,293.79,Akua,587.58
O00983,10/6/2026,C0125,Yaw Agyeman,Greater Accra,P017,Flash Drive 128Gb,Storage,1,155.23,Akua,155.23
O00984,3/17/2025,C0155,Daniel Addo,Ashanti,P006,24-Inch Monitor,Displays,1,1407.08,Bernard,1407.08
O00985,4/24/2026,C0170,Akosua Nyarko,Greater Accra,P013,Desk Lamp,Furniture,2,169.57,Gifty,339.14
O00986,5/6/2026,C0009,Adwoa Tetteh,Ashanti,P019,Ethernet Switch,Networking,1,627.81,Gifty,627.81
O00987,8/14/2025,C0176,Linda Adjei,Greater Accra,P006,24-Inch Monitor,Displays,4,1434.54,Gifty,5738.16
O00988,8/21/2026,C0118,Esi Boateng,Western,P013,Desk Lamp,Furniture,1,168.43,Esther,168.43
O00989,5/25/2025,C0049,Grace Amankwah,Eastern,P013,Desk Lamp,Furniture,2,181.79,David,363.58
O00990,10/22/2025,C0176,Linda Adjei,Greater Accra,P009,Performance Laptop,Computers,2,9060,Esther,18120
O00991,6/26/2025,C0164,Efua Nyarko,Greater Accra,P002,Mechanical Keyboard,Accessories,1,300.71,David,300.71
O00992,6/19/2026,C0052,Esi Osei,Greater Accra,P011,Office Chair,Furniture,5,1307.06,Henry,6535.3
O00993,10/16/2025,C0028,Mabel Amankwah,Volta,P016,External Ssd 1Tb,Storage,4,843.21,Akua,3372.84
O00994,2/14/2026,C0044,Linda Addo,Western,P004,Laptop Stand,Accessories,1,158.21,Bernard,158.21
O00995,10/8/2025,C0090,Mabel Darko,Volta,P019,Ethernet Switch,Networking,2,709.48,Cynthia,1418.96
O00996,9/2/2025,C0010,Ama Adjei,Central,P018,Wi-Fi Router,Networking,1,480.48,Gifty,480.48
O00997,1/28/2026,C0076,Abena Tetteh,Northern,P006,24-Inch Monitor,Displays,3,1347.67,Akua,4043.01
O00998,9/3/2025,C0059,Akosua Owusu,Ashanti,P007,27-Inch Monitor,Displays,1,2191.06,David,2191.06
O00999,9/4/2025,C0071,Priscilla Asare,Western,P020,Ups,Power,1,925.76,David,925.76
O01000,1/18/2026,C0074,Adwoa Appiah,Ashanti,P006,24-Inch Monitor,Displays,2,1334.95,Akua,2669.9
O01001,6/24/2026,C0056,Priscilla Boateng,Greater Accra,P006,24-Inch Monitor,Displays,2,1381.35,Henry,2762.7
O01002,8/15/2026,C0081,Samuel Osei,Central,P004,Laptop Stand,Accessories,3,169.43,Akua,508.29
O01003,8/19/2026,C0096,Mabel Tetteh,Ashanti,P007,27-Inch Monitor,Displays,1,2151.13,Henry,2151.13
O01004,8/16/2026,C0073,Kwame Boateng,Greater Accra,P006,24-Inch Monitor,Displays,2,1556.07,Henry,3112.14
O01005,4/17/2026,C0020,Abena Darko,Ashanti,P007,27-Inch Monitor,Displays,1,2121.26,Esther,2121.26
O01006,6/14/2025,C0137,Grace Osei,Ashanti,P003,Usb-C Hub,Accessories,1,193.62,Felix,193.62
O01007,9/1/2026,C0088,Kofi Owusu,Ashanti,P007,27-Inch Monitor,Displays,4,2177.93,Felix,8711.72
O01008,6/10/2025,C0062,Abena Asare,Central,P006,24-Inch Monitor,Displays,2,1526.2,David,3052.4
O01009,8/31/2026,C0119,Abena Nyarko,Central,P020,Ups,Power,1,916.83,Cynthia,916.83
O01010,11/7/2025,C0147,Linda Agyeman,Ashanti,P012,Standing Desk,Furniture,1,2624.59,Henry,2624.59
O01011,2/8/2026,C0168,Yaw Tetteh,Greater Accra,P015,Bluetooth Speaker,Audio,1,444.37,Gifty,444.37
O01012,6/14/2026,C0152,Mabel Agyeman,Central,P008,Office Laptop,Computers,1,6484.45,Akua,6484.45
O01013,5/12/2025,C0065,Linda Nyarko,Western,P012,Standing Desk,Furniture,2,2502.5,Henry,5005
O01014,2/16/2025,C0133,Kojo Darko,Northern,P011,Office Chair,Furniture,2,1339.37,Akua,2678.74
O01015,7/6/2026,C0161,Priscilla Darko,Western,P005,Webcam,Accessories,1,238.7,David,238.7
O01016,9/7/2026,C0080,Esi Adjei,Ashanti,P006,24-Inch Monitor,Displays,1,1528.98,Gifty,1528.98
O01017,3/3/2026,C0049,Grace Amankwah,Eastern,P015,Bluetooth Speaker,Audio,5,474.32,Henry,2371.6
O01018,6/17/2026,C0003,Kojo Adjei,Central,P007,27-Inch Monitor,Displays,4,2069.36,Akua,8277.44
O01019,8/24/2025,C0131,Kojo Tetteh,Ashanti,P007,27-Inch Monitor,Displays,1,2353.03,Akua,2353.03
O01020,8/26/2025,C0053,Grace Appiah,Western,P020,Ups,Power,2,828.37,Felix,1656.74
O01021,5/8/2025,C0140,Abena Antwi,Greater Accra,P007,27-Inch Monitor,Displays,1,2260.87,David,2260.87
O01022,7/31/2026,C0048,Yaw Osei,Greater Accra,P008,Office Laptop,Computers,2,5922.13,Akua,11844.26
O01023,5/5/2025,C0052,Esi Osei,Greater Accra,P015,Bluetooth Speaker,Audio,2,419.9,Gifty,839.8
O01024,12/14/2025,C0162,Efua Antwi,Ashanti,P008,Office Laptop,Computers,6,6599.78,Akua,39598.68
O01025,8/23/2026,C0084,Nana Appiah,Western,P010,Mini Pc,Computers,1,4735.29,Felix,4735.29
O01026,12/23/2025,C0086,Priscilla Nyarko,Greater Accra,P017,Flash Drive 128Gb,Storage,1,159.95,David,159.95
O01027,3/28/2025,C0093,Efua Adjei,Western,P016,External Ssd 1Tb,Storage,1,869.51,Akua,869.51
O01028,10/17/2025,C0044,Linda Addo,Western,P008,Office Laptop,Computers,2,6678.48,Esther,13356.96
O01029,8/24/2026,C0029,Kofi Mensah,Western,P010,Mini Pc,Computers,1,5164.82,Felix,5164.82
O01030,3/20/2025,C0080,Esi Adjei,Ashanti,P009,Performance Laptop,Computers,3,10203.94,Felix,30611.82
O01031,5/7/2025,C0009,Adwoa Tetteh,Ashanti,P019,Ethernet Switch,Networking,1,663.07,Felix,663.07
O01032,3/8/2026,C0157,Efua Appiah,Western,P007,27-Inch Monitor,Displays,2,2362.98,Gifty,4725.96
O01033,10/9/2025,C0137,Grace Osei,Ashanti,P007,27-Inch Monitor,Displays,1,2164.22,David,2164.22
O01034,1/23/2026,C0166,Nana Asare,Ashanti,P015,Bluetooth Speaker,Audio,1,414.91,Akua,414.91
O01035,5/21/2026,C0091,Adwoa Antwi,Eastern,P009,Performance Laptop,Computers,1,9521.41,Henry,9521.41
O01036,5/9/2025,C0100,Mabel Asare,Ashanti,P009,Performance Laptop,Computers,2,9032.89,Gifty,18065.78
O01037,3/21/2025,C0143,Efua Mensah,Western,P004,Laptop Stand,Accessories,3,149.39,Bernard,448.17
O01038,12/22/2025,C0105,Daniel Owusu,Eastern,P004,Laptop Stand,Accessories,3,158.95,Felix,476.85
O01039,6/23/2026,C0086,Priscilla Nyarko,Greater Accra,P020,Ups,Power,1,953.33,David,953.33
O01040,12/13/2025,C0081,Samuel Osei,Central,P014,Headset,Audio,3,337.88,Akua,1013.64
O01041,8/8/2026,C0137,Grace Osei,Ashanti,P004,Laptop Stand,Accessories,1,153.22,Felix,153.22
O01042,7/6/2025,C0126,Ama Antwi,Greater Accra,P009,Performance Laptop,Computers,1,10012.16,David,10012.16
O01043,2/16/2026,C0180,Linda Tetteh,Greater Accra,P006,24-Inch Monitor,Displays,1,1406.23,Gifty,1406.23
O01044,5/11/2025,C0171,Linda Osei,Greater Accra,P010,Mini Pc,Computers,2,4716.56,Bernard,9433.12
O01045,4/18/2025,C0012,Adwoa Quaye,Ashanti,P004,Laptop Stand,Accessories,1,171.92,Esther,171.92
O01046,5/27/2025,C0077,Kofi Boateng,Central,P007,27-Inch Monitor,Displays,1,2065.97,Felix,2065.97
O01047,10/15/2025,C0074,Adwoa Appiah,Ashanti,P008,Office Laptop,Computers,1,6682.77,David,6682.77
O01048,2/17/2026,C0043,Abena Quaye,Eastern,P008,Office Laptop,Computers,3,6254.45,David,18763.35
O01049,11/24/2025,C0111,Daniel Osei,Greater Accra,P010,Mini Pc,Computers,1,4745.77,Cynthia,4745.77
O01050,1/28/2026,C0020,Abena Darko,Ashanti,P007,27-Inch Monitor,Displays,2,2236.74,Henry,4473.48
O01051,12/17/2025,C0009,Adwoa Tetteh,Ashanti,P006,24-Inch Monitor,Displays,1,1438.92,Esther,1438.92
O01052,4/3/2026,C0086,Priscilla Nyarko,Greater Accra,P003,Usb-C Hub,Accessories,2,214.58,Akua,429.16
O01053,8/7/2025,C0021,Kojo Quaye,Greater Accra,P011,Office Chair,Furniture,2,1158.81,Gifty,2317.62
O01054,4/6/2025,C0174,Samuel Amankwah,Northern,P013,Desk Lamp,Furniture,1,166.99,Cynthia,166.99
O01055,10/2/2025,C0036,Kofi Tetteh,Northern,P004,Laptop Stand,Accessories,2,157.89,Henry,315.78
O01056,2/2/2025,C0118,Esi Boateng,Western,P020,Ups,Power,5,831.76,David,4158.8
O01057,3/11/2025,C0033,Joseph Antwi,Ashanti,P009,Performance Laptop,Computers,1,9185.26,Felix,9185.26
O01058,8/24/2026,C0040,Linda Antwi,Volta,P010,Mini Pc,Computers,4,4778.81,Esther,19115.24
O01059,2/3/2025,C0114,Efua Adjei,Central,P018,Wi-Fi Router,Networking,1,519.96,David,519.96
O01060,10/21/2025,C0022,Priscilla Agyeman,Northern,P001,Wireless Mouse,Accessories,2,97.4,Cynthia,194.8
O01061,7/5/2025,C0057,Joseph Osei,Eastern,P017,Flash Drive 128Gb,Storage,2,151.04,Bernard,302.08
O01062,5/3/2026,C0023,Kofi Adjei,Eastern,P012,Standing Desk,Furniture,3,2475.16,Esther,7425.48
O01063,10/2/2025,C0036,Kofi Tetteh,Northern,P011,Office Chair,Furniture,1,1175.37,Gifty,1175.37
O01064,5/25/2025,C0046,Ama Antwi,Eastern,P003,Usb-C Hub,Accessories,1,202.66,Gifty,202.66
O01065,12/7/2025,C0078,Priscilla Asare,Eastern,P007,27-Inch Monitor,Displays,1,2032.28,Esther,2032.28
O01066,6/13/2025,C0049,Grace Amankwah,Eastern,P010,Mini Pc,Computers,1,5056.18,Esther,5056.18
O01067,9/23/2025,C0140,Abena Antwi,Greater Accra,P010,Mini Pc,Computers,3,4449.6,Henry,13348.8
O01068,12/1/2025,C0025,Kofi Asare,Volta,P002,Mechanical Keyboard,Accessories,1,299.75,Cynthia,299.75
O01069,2/6/2026,C0004,Samuel Darko,Western,P017,Flash Drive 128Gb,Storage,5,158.13,David,790.65
O01070,7/21/2025,C0004,Samuel Darko,Western,P010,Mini Pc,Computers,2,4544.37,Felix,9088.74
O01071,8/31/2025,C0127,Nana Boateng,Volta,P019,Ethernet Switch,Networking,3,627.41,David,1882.23
O01072,3/26/2025,C0138,Joseph Darko,Greater Accra,P010,Mini Pc,Computers,1,4501.35,Esther,4501.35
O01073,10/6/2025,C0119,Abena Nyarko,Central,P020,Ups,Power,1,915.93,Esther,915.93
O01074,11/29/2025,C0082,Akosua Nyarko,Western,P007,27-Inch Monitor,Displays,1,2146.79,Esther,2146.79
O01075,10/16/2025,C0100,Mabel Asare,Ashanti,P010,Mini Pc,Computers,2,5154.53,Esther,10309.06
O01076,11/2/2025,C0099,Kojo Antwi,Greater Accra,P002,Mechanical Keyboard,Accessories,3,270.02,Gifty,810.06
O01077,10/31/2025,C0121,Joseph Owusu,Ashanti,P006,24-Inch Monitor,Displays,1,1371.76,Felix,1371.76
O01078,1/16/2026,C0145,Efua Adjei,Ashanti,P020,Ups,Power,2,907.45,Cynthia,1814.9
O01079,7/7/2026,C0111,Daniel Osei,Greater Accra,P006,24-Inch Monitor,Displays,1,1380.78,Gifty,1380.78
O01080,3/13/2026,C0159,Abena Adjei,Greater Accra,P013,Desk Lamp,Furniture,5,168.8,Felix,844
O01081,3/18/2025,C0055,Yaw Antwi,Volta,P003,Usb-C Hub,Accessories,1,216.34,Henry,216.34
O01082,3/23/2026,C0120,Abena Nyarko,Ashanti,P006,24-Inch Monitor,Displays,2,1409.74,David,2819.48
O01083,9/27/2025,C0153,Samuel Boateng,Volta,P015,Bluetooth Speaker,Audio,2,456.95,Akua,913.9
O01084,6/28/2025,C0145,Efua Adjei,Ashanti,P019,Ethernet Switch,Networking,1,731.24,Esther,731.24
O01085,5/20/2025,C0144,Kofi Quaye,Central,P014,Headset,Audio,1,325.9,Bernard,325.9
O01086,10/21/2025,C0074,Adwoa Appiah,Ashanti,P018,Wi-Fi Router,Networking,1,559.35,Bernard,559.35
O01087,10/13/2025,C0127,Nana Boateng,Volta,P007,27-Inch Monitor,Displays,3,2075.89,Gifty,6227.67
O01088,8/3/2025,C0035,Esi Nyarko,Northern,P007,27-Inch Monitor,Displays,2,2093.94,David,4187.88
O01089,1/12/2025,C0111,Daniel Osei,Greater Accra,P016,External Ssd 1Tb,Storage,1,883.08,Gifty,883.08
O01090,2/27/2026,C0145,Efua Adjei,Ashanti,P006,24-Inch Monitor,Displays,1,1409.98,Bernard,1409.98
O01091,12/28/2025,C0112,Linda Quaye,Greater Accra,P012,Standing Desk,Furniture,3,2454.06,Esther,7362.18
O01092,10/18/2025,C0112,Linda Quaye,Greater Accra,P010,Mini Pc,Computers,4,5000.89,Felix,20003.56
O01093,2/27/2026,C0138,Joseph Darko,Greater Accra,P019,Ethernet Switch,Networking,1,696.22,Bernard,696.22
O01094,7/14/2026,C0140,Abena Antwi,Greater Accra,P007,27-Inch Monitor,Displays,1,2089.84,Felix,2089.84
O01095,12/26/2025,C0172,Samuel Osei,Ashanti,P004,Laptop Stand,Accessories,2,160.41,Cynthia,320.82
O01096,2/28/2025,C0180,Linda Tetteh,Greater Accra,P008,Office Laptop,Computers,4,6640.86,Cynthia,26563.44
O01097,7/17/2025,C0157,Efua Appiah,Western,P015,Bluetooth Speaker,Audio,1,481.15,Gifty,481.15
O01098,9/4/2025,C0148,Daniel Boateng,Eastern,P014,Headset,Audio,5,319.73,Felix,1598.65
O01099,8/31/2025,C0081,Samuel Osei,Central,P017,Flash Drive 128Gb,Storage,1,150.14,Bernard,150.14
O01100,7/16/2025,C0077,Kofi Boateng,Central,P001,Wireless Mouse,Accessories,1,94.77,Akua,94.77
O01101,1/3/2026,C0029,Kofi Mensah,Western,P013,Desk Lamp,Furniture,5,186.59,David,932.95
O01102,3/19/2025,C0109,Grace Amankwah,Greater Accra,P014,Headset,Audio,5,325.34,Cynthia,1626.7
O01103,6/26/2025,C0085,Isaac Osei,Ashanti,P014,Headset,Audio,2,319.76,Akua,639.52
O01104,2/14/2026,C0049,Grace Amankwah,Eastern,P006,24-Inch Monitor,Displays,3,1553.56,Henry,4660.68
O01105,8/23/2025,C0118,Esi Boateng,Western,P009,Performance Laptop,Computers,2,9880.42,Esther,19760.84
O01106,2/17/2025,C0107,Linda Antwi,Northern,P003,Usb-C Hub,Accessories,1,217.26,Gifty,217.26
O01107,8/3/2025,C0122,Efua Owusu,Eastern,P001,Wireless Mouse,Accessories,2,102.05,Akua,204.1
O01108,5/9/2025,C0159,Abena Adjei,Greater Accra,P008,Office Laptop,Computers,1,5918.24,Bernard,5918.24
O01109,2/25/2026,C0157,Efua Appiah,Western,P013,Desk Lamp,Furniture,1,188.48,Cynthia,188.48
O01110,12/3/2026,C0111,Daniel Osei,Greater Accra,P006,24-Inch Monitor,Displays,1,1345.1,David,1345.1
O01111,6/7/2025,C0070,Daniel Quaye,Eastern,P004,Laptop Stand,Accessories,1,166.87,Henry,166.87
O01112,5/11/2025,C0027,Efua Appiah,Northern,P014,Headset,Audio,5,296.2,Akua,1481
O01113,12/29/2025,C0154,Priscilla Mensah,Ashanti,P007,27-Inch Monitor,Displays,1,2150.18,David,2150.18
O01114,2/21/2025,C0095,Linda Antwi,Northern,P004,Laptop Stand,Accessories,1,147.27,Felix,147.27
O01115,7/16/2026,C0030,Mabel Amankwah,Eastern,P006,24-Inch Monitor,Displays,1,1405.35,Akua,1405.35
O01116,11/7/2026,C0153,Samuel Boateng,Volta,P019,Ethernet Switch,Networking,1,653.94,David,653.94
O01117,8/13/2025,C0044,Linda Addo,Western,P016,External Ssd 1Tb,Storage,3,816.32,Felix,2448.96
O01118,1/1/2026,C0026,Michael Boateng,Greater Accra,P015,Bluetooth Speaker,Audio,2,473.78,Cynthia,947.56
O01119,10/20/2025,C0056,Priscilla Boateng,Greater Accra,P015,Bluetooth Speaker,Audio,5,465.08,Henry,2325.4
O01120,5/16/2025,C0131,Kojo Tetteh,Ashanti,P001,Wireless Mouse,Accessories,1,93.83,Akua,93.83
O01121,11/11/2025,C0058,Adwoa Adjei,Eastern,P019,Ethernet Switch,Networking,1,684.31,Felix,684.31
O01122,7/26/2025,C0104,Kwame Owusu,Ashanti,P008,Office Laptop,Computers,1,5876.76,David,5876.76
O01123,1/2/2025,C0037,Esi Appiah,Greater Accra,P002,Mechanical Keyboard,Accessories,5,260,Gifty,1300
O01124,12/14/2025,C0091,Adwoa Antwi,Eastern,P011,Office Chair,Furniture,1,1164.64,Cynthia,1164.64
O01125,7/6/2025,C0059,Akosua Owusu,Ashanti,P010,Mini Pc,Computers,1,4797.48,Cynthia,4797.48
O01126,1/5/2025,C0069,Yaw Addo,Greater Accra,P011,Office Chair,Furniture,2,1238.38,Bernard,2476.76
O01127,6/21/2025,C0056,Priscilla Boateng,Greater Accra,P017,Flash Drive 128Gb,Storage,3,154.7,Cynthia,464.1
O01128,3/10/2025,C0028,Mabel Amankwah,Volta,P012,Standing Desk,Furniture,2,2747.69,Bernard,5495.38
O01129,5/21/2026,C0172,Samuel Osei,Ashanti,P010,Mini Pc,Computers,1,4988.86,Gifty,4988.86
O01130,8/6/2025,C0027,Efua Appiah,Northern,P016,External Ssd 1Tb,Storage,1,903.76,Henry,903.76
O01131,5/6/2025,C0152,Mabel Agyeman,Central,P001,Wireless Mouse,Accessories,2,96.09,Henry,192.18
O01132,1/17/2025,C0044,Linda Addo,Western,P002,Mechanical Keyboard,Accessories,1,301.73,Akua,301.73
O01133,7/19/2025,C0045,Kofi Mensah,Northern,P001,Wireless Mouse,Accessories,2,99,Esther,198
O01134,10/23/2025,C0022,Priscilla Agyeman,Northern,P004,Laptop Stand,Accessories,4,166.89,Felix,667.56
O01135,8/8/2026,C0145,Efua Adjei,Ashanti,P013,Desk Lamp,Furniture,3,166.76,Esther,500.28
O01136,5/2/2025,C0120,Abena Nyarko,Ashanti,P020,Ups,Power,1,869.59,Cynthia,869.59
O01137,11/29/2025,C0153,Samuel Boateng,Volta,P017,Flash Drive 128Gb,Storage,5,139.25,Cynthia,696.25
O01138,1/30/2026,C0052,Esi Osei,Greater Accra,P012,Standing Desk,Furniture,3,2452.35,Bernard,7357.05
O01139,6/18/2025,C0087,Michael Darko,Ashanti,P008,Office Laptop,Computers,2,6254.26,Esther,12508.52
O01140,7/24/2025,C0060,Linda Nyarko,Ashanti,P017,Flash Drive 128Gb,Storage,2,142.81,Henry,285.62
O01141,11/24/2025,C0153,Samuel Boateng,Volta,P008,Office Laptop,Computers,4,6123.74,Esther,24494.96
O01142,11/11/2025,C0050,Abena Tetteh,Northern,P005,Webcam,Accessories,1,256.29,Bernard,256.29
O01143,2/22/2026,C0128,Joseph Adjei,Greater Accra,P019,Ethernet Switch,Networking,1,732.57,Felix,732.57
O01144,11/19/2025,C0020,Abena Darko,Ashanti,P007,27-Inch Monitor,Displays,2,2077.11,Gifty,4154.22
O01145,9/2/2026,C0119,Abena Nyarko,Central,P014,Headset,Audio,1,345.17,Henry,345.17
O01146,11/3/2025,C0141,Priscilla Tetteh,Central,P015,Bluetooth Speaker,Audio,3,478.9,Felix,1436.7
O01147,1/16/2025,C0021,Kojo Quaye,Greater Accra,P019,Ethernet Switch,Networking,1,647.52,Gifty,647.52
O01148,5/3/2025,C0152,Mabel Agyeman,Central,P015,Bluetooth Speaker,Audio,2,484.58,Gifty,969.16
O01149,12/29/2025,C0093,Efua Adjei,Western,P004,Laptop Stand,Accessories,5,153.91,Bernard,769.55
O01150,2/4/2026,C0179,Ama Osei,Western,P003,Usb-C Hub,Accessories,3,224.76,Felix,674.28
O01151,4/22/2026,C0037,Esi Appiah,Greater Accra,P004,Laptop Stand,Accessories,1,166.68,Esther,166.68
O01152,1/1/2025,C0172,Samuel Osei,Ashanti,P007,27-Inch Monitor,Displays,2,2078.85,Felix,4157.7
O01153,3/11/2025,C0057,Joseph Osei,Eastern,P003,Usb-C Hub,Accessories,3,210.15,David,630.45
O01154,2/25/2026,C0122,Efua Owusu,Eastern,P008,Office Laptop,Computers,4,6547.95,Felix,26191.8
O01155,1/13/2025,C0115,Daniel Quaye,Northern,P007,27-Inch Monitor,Displays,1,2274.09,Henry,2274.09
O01156,5/24/2025,C0136,Isaac Tetteh,Greater Accra,P020,Ups,Power,2,843.21,Gifty,1686.42
O01157,2/2/2025,C0062,Abena Asare,Central,P019,Ethernet Switch,Networking,2,681.8,Bernard,1363.6
O01158,11/14/2025,C0179,Ama Osei,Western,P011,Office Chair,Furniture,3,1185.12,David,3555.36
O01159,11/6/2026,C0031,Kofi Nyarko,Greater Accra,P012,Standing Desk,Furniture,3,2569.9,Gifty,7709.7
O01160,2/15/2025,C0138,Joseph Darko,Greater Accra,P006,24-Inch Monitor,Displays,2,1438.29,Henry,2876.58
O01161,1/1/2026,C0066,Kojo Tetteh,Volta,P011,Office Chair,Furniture,1,1342.41,Felix,1342.41
O01162,4/29/2025,C0154,Priscilla Mensah,Ashanti,P020,Ups,Power,4,925.39,Gifty,3701.56
O01163,8/26/2025,C0084,Nana Appiah,Western,P013,Desk Lamp,Furniture,2,180.57,Gifty,361.14
O01164,4/2/2026,C0153,Samuel Boateng,Volta,P008,Office Laptop,Computers,1,6581.86,David,6581.86
O01165,6/2/2025,C0180,Linda Tetteh,Greater Accra,P012,Standing Desk,Furniture,1,2559.53,David,2559.53
O01166,8/19/2025,C0159,Abena Adjei,Greater Accra,P007,27-Inch Monitor,Displays,1,2355.9,David,2355.9
O01167,8/23/2026,C0075,Michael Antwi,Greater Accra,P009,Performance Laptop,Computers,5,10566.14,Bernard,52830.7
O01168,12/26/2025,C0136,Isaac Tetteh,Greater Accra,P007,27-Inch Monitor,Displays,1,2038.76,Henry,2038.76
O01169,5/20/2026,C0141,Priscilla Tetteh,Central,P002,Mechanical Keyboard,Accessories,2,258.12,Henry,516.24
O01170,9/4/2025,C0116,Yaw Antwi,Greater Accra,P016,External Ssd 1Tb,Storage,2,840.14,Henry,1680.28
O01171,7/26/2025,C0174,Samuel Amankwah,Northern,P009,Performance Laptop,Computers,1,9605.79,Felix,9605.79
O01172,8/15/2025,C0078,Priscilla Asare,Eastern,P007,27-Inch Monitor,Displays,2,2079.98,Esther,4159.96
O01173,6/15/2025,C0097,Yaw Owusu,Greater Accra,P013,Desk Lamp,Furniture,2,165.69,Esther,331.38
O01174,1/23/2026,C0055,Yaw Antwi,Volta,P006,24-Inch Monitor,Displays,3,1444.39,Bernard,4333.17
O01175,2/6/2025,C0111,Daniel Osei,Greater Accra,P008,Office Laptop,Computers,5,5843.07,Henry,29215.35
O01176,12/12/2025,C0147,Linda Agyeman,Ashanti,P020,Ups,Power,1,912.64,Cynthia,912.64
O01177,4/7/2026,C0168,Yaw Tetteh,Greater Accra,P008,Office Laptop,Computers,1,6501.2,Akua,6501.2
O01178,9/23/2025,C0164,Efua Nyarko,Greater Accra,P015,Bluetooth Speaker,Audio,1,438.1,Cynthia,438.1
O01179,11/13/2025,C0007,Efua Antwi,Northern,P005,Webcam,Accessories,5,223.78,Henry,1118.9
O01180,5/1/2025,C0178,Linda Addo,Central,P010,Mini Pc,Computers,2,4483.07,Gifty,8966.14
O01181,7/9/2025,C0128,Joseph Adjei,Greater Accra,P004,Laptop Stand,Accessories,3,158.61,Esther,475.83
O01182,7/14/2026,C0058,Adwoa Adjei,Eastern,P013,Desk Lamp,Furniture,4,187.01,Cynthia,748.04
O01183,4/2/2026,C0117,Kofi Osei,Eastern,P001,Wireless Mouse,Accessories,5,101.77,Cynthia,508.85
O01184,1/21/2025,C0021,Kojo Quaye,Greater Accra,P006,24-Inch Monitor,Displays,1,1560.39,Gifty,1560.39
O01185,10/13/2025,C0114,Efua Adjei,Central,P014,Headset,Audio,1,320.46,Gifty,320.46
O01186,8/1/2026,C0080,Esi Adjei,Ashanti,P006,24-Inch Monitor,Displays,5,1533.34,Cynthia,7666.7
O01187,8/23/2025,C0061,Kojo Adjei,Greater Accra,P007,27-Inch Monitor,Displays,3,2157.1,Henry,6471.3
O01188,3/30/2026,C0063,Efua Agyeman,Greater Accra,P005,Webcam,Accessories,1,251.83,Henry,251.83
O01189,8/20/2026,C0157,Efua Appiah,Western,P014,Headset,Audio,2,311.83,Bernard,623.66
O01190,10/3/2025,C0133,Kojo Darko,Northern,P020,Ups,Power,3,931.46,Bernard,2794.38
O01191,11/11/2025,C0062,Abena Asare,Central,P010,Mini Pc,Computers,1,4655.58,Esther,4655.58
O01192,3/21/2025,C0088,Kofi Owusu,Ashanti,P008,Office Laptop,Computers,1,6006.21,Henry,6006.21
O01193,8/15/2025,C0105,Daniel Owusu,Eastern,P009,Performance Laptop,Computers,2,10326.61,Akua,20653.22
O01194,1/23/2025,C0082,Akosua Nyarko,Western,P008,Office Laptop,Computers,2,6258.47,Cynthia,12516.94
O01195,7/31/2025,C0058,Adwoa Adjei,Eastern,P016,External Ssd 1Tb,Storage,1,881.09,Felix,881.09
O01196,8/3/2026,C0040,Linda Antwi,Volta,P009,Performance Laptop,Computers,1,10364.47,Akua,10364.47
O01197,2/28/2025,C0170,Akosua Nyarko,Greater Accra,P015,Bluetooth Speaker,Audio,2,434.39,Esther,868.78
O01198,6/15/2026,C0081,Samuel Osei,Central,P013,Desk Lamp,Furniture,1,175.66,Esther,175.66
O01199,3/1/2025,C0091,Adwoa Antwi,Eastern,P011,Office Chair,Furniture,1,1345.37,Gifty,1345.37
O01200,5/18/2025,C0114,Efua Adjei,Central,P005,Webcam,Accessories,1,249.64,Gifty,249.64
